t,case_tick,event,ticker,side,qty,price,pos,note
127.537,0,breaker,,,,,,"pnl -139,966 peak 139,966"
156.828,7,dir_enter,CNR,LONG,17669.0,160.11,0.0,gap=79.3t thr=13.6t er=0.47 vol=3.4
157.066,7,fill,CNR,BUY,5000.0,160.11,5000.0,mode=dir
158.172,7,fill,CNR,BUY,5000.0,160.195,10000.0,mode=dir
159.057,7,fill,CNR,BUY,2087.0,160.215,12087.0,mode=dir
159.975,8,fill,CNR,BUY,826.0,160.27,12913.0,mode=dir
160.169,8,fill,CNR,BUY,1261.0,160.29,14174.0,mode=dir
160.672,8,fill,CNR,BUY,1652.0,160.33,15826.0,mode=dir
161.664,8,fill,CNR,BUY,1652.0,160.335,17478.0,mode=dir
162.698,8,fill,CNR,BUY,782.0,160.335,18260.0,mode=dir
163.437,9,fill,CNR,BUY,611.0,160.335,18871.0,mode=dir
164.567,9,fill,CNR,BUY,1393.0,160.33,20264.0,mode=dir
165.971,9,fill,CNR,BUY,430.0,160.33,20694.0,mode=dir
167.01,9,fill,CNR,BUY,963.0,160.325,21657.0,mode=dir
169.699,10,fill,CNR,BUY,430.0,160.22,22087.0,mode=dir
170.114,10,dir_exit,CNR,,22087.0,160.175,22087.0,fast trail 16>15t
170.363,10,fill,CNR,SELL,274.0,160.175,21813.0,mode=cut
172.461,11,fill,CNR,SELL,5000.0,159.45,16813.0,mode=cut
172.825,11,dir_enter,CNR,SHORT,17669.0,159.375,16813.0,gap=-33.3t thr=21.8t er=0.71 vol=5.5
173.482,11,fill,CNR,SELL,5000.0,159.365,11813.0,mode=dir
174.518,11,fill,CNR,SELL,5000.0,159.295,6813.0,mode=dir
175.692,12,fill,CNR,SELL,5000.0,159.265,1813.0,mode=dir
176.582,12,fill,CNR,SELL,5000.0,159.255,-3187.0,mode=dir
177.729,12,fill,CNR,SELL,5000.0,159.23,-8187.0,mode=dir
178.674,12,fill,CNR,SELL,2087.0,159.43,-10274.0,mode=dir
178.674,12,dir_exit,CNR,,-10274.0,159.825,-10274.0,fast trail 60>24t
178.882,12,fill,CNR,BUY,5000.0,159.825,-5274.0,mode=cut
179.875,13,fill,CNR,BUY,5000.0,160.39,-274.0,mode=cut
180.965,13,fill,CNR,BUY,274.0,160.37,0.0,mode=cut
213.654,21,dir_enter,CNR,LONG,17669.0,160.39,0.0,gap=44.6t thr=34.4t er=0.97 vol=6.1
213.94,21,fill,CNR,BUY,5000.0,160.39,5000.0,mode=dir
214.886,21,fill,CNR,BUY,5000.0,160.455,10000.0,mode=dir
215.853,22,fill,CNR,BUY,1494.0,160.475,11494.0,mode=dir
216.388,22,fill,CNR,BUY,2420.0,160.475,13914.0,mode=dir
217.376,22,fill,CNR,BUY,4259.0,160.485,18173.0,mode=dir
219.93,23,fill,CNR,BUY,3914.0,160.485,22087.0,mode=dir
227.986,25,dir_exit,CNR,,22087.0,160.485,22087.0,fast stalled 11s without new extreme
228.121,25,fill,CNR,SELL,5000.0,160.485,17087.0,mode=cut
229.11,25,fill,CNR,SELL,5000.0,160.485,12087.0,mode=cut
230.186,25,fill,CNR,SELL,5000.0,160.485,7087.0,mode=cut
231.13,25,fill,CNR,SELL,5000.0,160.485,2087.0,mode=cut
232.22,26,fill,CNR,SELL,2087.0,160.485,0.0,mode=cut
281.469,38,dir_enter,CNR,SHORT,17669.0,159.635,0.0,gap=-45.7t thr=27.8t er=1.00 vol=6.2
281.735,38,fill,CNR,SELL,5000.0,159.635,-5000.0,mode=dir
282.872,38,fill,CNR,SELL,5000.0,159.54,-10000.0,mode=dir
283.726,39,fill,CNR,SELL,2087.0,159.49,-12087.0,mode=dir
284.242,39,fill,CNR,SELL,826.0,159.49,-12913.0,mode=dir
284.706,39,fill,CNR,SELL,435.0,159.49,-13348.0,mode=dir
285.315,39,fill,CNR,SELL,4565.0,159.49,-17913.0,mode=dir
287.886,40,fill,CNR,SELL,4174.0,159.385,-22087.0,mode=dir
290.646,40,dir_exit,CNR,,-22087.0,159.81,-22087.0,fast trail 43>41t
290.925,40,fill,CNR,BUY,3533.0,159.81,-18554.0,mode=cut
291.225,40,fill,CNR,BUY,282.0,159.945,-18272.0,mode=cut
291.587,41,breaker,,,,,,"pnl -188,647 peak -138,390"
291.915,41,fill,CNR,BUY,5000.0,160.385,-13272.0,mode=mm
292.909,41,fill,CNR,BUY,5000.0,160.445,-8272.0,mode=mm
293.927,41,fill,CNR,BUY,5000.0,160.485,-3272.0,mode=mm
295.022,41,fill,CNR,BUY,3272.0,160.505,0.0,mode=mm
373.308,61,dir_enter,CNR,LONG,17669.0,160.18,0.0,gap=29.8t thr=19.5t er=0.70 vol=3.1
373.565,61,fill,CNR,BUY,5000.0,160.18,5000.0,mode=dir
374.522,61,fill,CNR,BUY,5000.0,160.195,10000.0,mode=dir
375.643,61,fill,CNR,BUY,652.0,160.205,10652.0,mode=dir
376.147,62,fill,CNR,BUY,4348.0,160.225,15000.0,mode=dir
377.155,62,fill,CNR,BUY,2087.0,160.245,17087.0,mode=dir
378.667,62,fill,CNR,BUY,2913.0,160.255,20000.0,mode=dir
381.223,63,fill,CNR,BUY,2087.0,160.255,22087.0,mode=dir
386.355,64,dir_exit,CNR,,22087.0,160.15,22087.0,fast trail 19>17t
386.652,64,fill,CNR,SELL,5000.0,160.15,17087.0,mode=cut
387.634,65,fill,CNR,SELL,5000.0,159.985,12087.0,mode=cut
388.671,65,fill,CNR,SELL,5000.0,159.895,7087.0,mode=cut
389.722,65,fill,CNR,SELL,5000.0,159.875,2087.0,mode=cut
390.736,65,fill,CNR,SELL,2087.0,160.035,0.0,mode=cut
527.989,100,dir_enter,CNR,LONG,17669.0,160.455,0.0,gap=24.4t thr=17.6t er=1.00 vol=1.5
528.269,100,fill,CNR,BUY,5000.0,160.455,5000.0,mode=dir
529.309,100,fill,CNR,BUY,5000.0,160.465,10000.0,mode=dir
530.784,100,fill,CNR,BUY,2669.0,160.5,12669.0,mode=dir
531.776,100,fill,CNR,BUY,2331.0,160.51,15000.0,mode=dir
533.347,101,fill,CNR,BUY,338.0,160.52,15338.0,mode=dir
534.357,101,fill,CNR,BUY,1993.0,160.535,17331.0,mode=dir
536.91,102,fill,CNR,BUY,338.0,160.55,17669.0,mode=dir
556.878,107,dir_exit,CNR,,17669.0,160.605,17669.0,"fast trend faded (gap=4.4t, t_slow=1.5)"
557.013,107,fill,CNR,SELL,5000.0,160.605,12669.0,mode=cut
558.108,107,fill,CNR,SELL,5000.0,160.605,7669.0,mode=cut
559.104,107,fill,CNR,SELL,5000.0,160.6,2669.0,mode=cut
560.093,108,fill,CNR,SELL,2669.0,160.585,0.0,mode=cut
570.639,110,dir_enter,CNR,SHORT,17669.0,160.09,0.0,gap=-27.8t thr=27.0t er=0.42 vol=3.8
571.0,110,fill,CNR,SELL,5000.0,160.09,-5000.0,mode=dir
571.937,111,fill,CNR,SELL,5000.0,160.07,-10000.0,mode=dir
573.496,111,fill,CNR,SELL,2669.0,160.09,-12669.0,mode=dir
574.451,111,fill,CNR,SELL,2331.0,160.09,-15000.0,mode=dir
576.062,112,fill,CNR,SELL,338.0,160.135,-15338.0,mode=dir
576.103,112,dir_exit,CNR,,-15338.0,160.28,-15338.0,fast trail 21>15t
576.362,112,fill,CNR,BUY,3088.0,160.545,-12250.0,mode=cut
577.365,112,fill,CNR,BUY,5000.0,160.635,-7250.0,mode=cut
578.305,112,fill,CNR,BUY,5000.0,160.68,-2250.0,mode=cut
579.455,112,fill,CNR,BUY,2250.0,160.57,0.0,mode=cut
679.145,137,dir_enter,CNR,LONG,17669.0,160.355,0.0,gap=21.0t thr=19.7t er=0.91 vol=1.7
679.42,137,fill,CNR,BUY,5000.0,160.355,5000.0,mode=dir
680.414,138,fill,CNR,BUY,5000.0,160.435,10000.0,mode=dir
681.976,138,fill,CNR,BUY,2669.0,160.56,12669.0,mode=dir
683.056,138,fill,CNR,BUY,2331.0,160.6,15000.0,mode=dir
684.515,139,fill,CNR,BUY,338.0,160.64,15338.0,mode=dir
685.548,139,fill,CNR,BUY,1993.0,160.66,17331.0,mode=dir
688.115,140,fill,CNR,BUY,338.0,160.655,17669.0,mode=dir
691.948,140,dir_exit,CNR,,17669.0,160.375,17669.0,fast trail 32>27t
692.222,141,fill,CNR,SELL,5000.0,160.375,12669.0,mode=cut
693.183,141,fill,CNR,SELL,5000.0,160.295,7669.0,mode=cut
694.218,141,fill,CNR,SELL,680.0,160.22,6989.0,mode=cut
694.472,141,fill,CNR,SELL,140.0,160.17,6849.0,mode=cut
695.261,141,fill,CNR,SELL,5000.0,160.065,1849.0,mode=cut
696.295,142,fill,CNR,SELL,1849.0,160.015,0.0,mode=cut
700.438,143,dir_enter,CNR,SHORT,17669.0,159.93,0.0,gap=-21.7t thr=20.1t er=0.83 vol=2.6
700.64,143,fill,CNR,SELL,5000.0,159.93,-5000.0,mode=dir
701.764,143,fill,CNR,SELL,5000.0,159.96,-10000.0,mode=dir
702.173,143,dir_exit,CNR,,-10000.0,160.1,-10000.0,fast trail 17>15t
702.477,143,fill,CNR,BUY,458.0,160.1,-9542.0,mode=cut
703.45,143,fill,CNR,BUY,3900.0,160.6,-5642.0,mode=cut
704.434,144,fill,CNR,BUY,5000.0,160.745,-642.0,mode=cut
705.483,144,fill,CNR,BUY,642.0,160.755,0.0,mode=cut
932.872,201,dir_enter,RY,LONG,17669.0,100.165,0.0,gap=9.5t thr=8.0t er=1.00 vol=0.7
933.035,201,fill,RY,BUY,5000.0,100.165,5000.0,mode=dir
934.108,201,fill,RY,BUY,5000.0,100.205,10000.0,mode=dir
935.137,201,fill,RY,BUY,596.0,100.245,10596.0,mode=dir
935.662,201,fill,RY,BUY,4404.0,100.265,15000.0,mode=dir
936.69,202,fill,RY,BUY,2087.0,100.315,17087.0,mode=dir
938.174,202,fill,RY,BUY,2913.0,100.365,20000.0,mode=dir
940.721,203,fill,RY,BUY,2087.0,100.465,22087.0,mode=dir
999.321,217,dir_exit,RY,,22087.0,114.4021,22087.0,fast trail 17781>89t
999.596,217,fill,RY,SELL,5000.0,114.4021,17087.0,mode=cut
1000.592,218,fill,RY,SELL,5000.0,359.805,12087.0,mode=cut
1001.618,218,fill,RY,SELL,5000.0,114.4021,7087.0,mode=cut
1002.646,218,fill,RY,SELL,5000.0,114.4021,2087.0,mode=cut
1003.626,218,fill,RY,SELL,2087.0,114.4021,0.0,mode=cut
1172.593,261,dir_enter,RY,LONG,17669.0,429.555,0.0,gap=12524.0t thr=66.1t er=1.00 vol=16.5
1176.686,262,dir_exit,RY,,0.0,218.4506,0.0,fast trail 21532>110t
1188.769,265,dir_enter,AC,LONG,17669.0,25.265,0.0,gap=9.6t thr=8.0t er=1.00 vol=0.7
1188.955,265,fill,AC,BUY,5000.0,25.265,5000.0,mode=dir
1190.04,265,fill,AC,BUY,5000.0,25.305,10000.0,mode=dir
1191.064,265,fill,AC,BUY,475.0,25.345,10475.0,mode=dir
1191.502,265,fill,AC,BUY,4525.0,25.365,15000.0,mode=dir
1192.553,266,fill,AC,BUY,2087.0,25.415,17087.0,mode=dir
1194.089,266,fill,AC,BUY,2913.0,25.475,20000.0,mode=dir
1196.629,266,fill,AC,BUY,2087.0,25.575,22087.0,mode=dir
1313.199,296,fill,AC,SELL,5000.0,30.585,17087.0,mode=cut
1314.179,296,fill,AC,SELL,5000.0,30.695,12087.0,mode=cut
1315.217,296,fill,AC,SELL,5000.0,30.76,7087.0,mode=cut
1316.241,296,fill,AC,SELL,5000.0,30.805,2087.0,mode=cut
1317.268,297,fill,AC,SELL,2087.0,30.875,0.0,mode=cut
2235.009,300,end,,,,,,"pnl 6138442.45 pos {'CNR': 0, 'RY': 0, 'AC': 0}"
