case_tick,t,nlv_true,nlv_cf,CNR_pnl,RY_pnl,RY_pnl_cf,AC_pnl,gross,net,CNR_pos,RY_pos,AC_pos,CNR_mode,RY_mode,AC_mode,CNR_bid,CNR_ask,RY_bid,RY_ask,AC_bid,AC_ask
0,131.11,0.0,0.0,0.0,0.0,0.0,0.0,0,0,0,0,0,mm,mm,mm,159.96,159.97,100.03,100.04,24.98,25.0
1,135.24,0.0,0.0,0.0,0.0,0.0,0.0,0,0,0,0,0,mm,mm,mm,159.92,159.95,100.03,100.05,24.99,25.0
2,139.33,0.0,0.0,0.0,0.0,0.0,0.0,0,0,0,0,0,mm,mm,mm,159.89,159.91,99.9,99.96,25.02,25.03
3,143.45,0.0,0.0,0.0,0.0,0.0,0.0,0,0,0,0,0,mm,mm,mm,159.68,159.71,99.9,99.91,24.99,25.0
4,147.07,0.0,0.0,0.0,0.0,0.0,0.0,0,0,0,0,0,mm,mm,mm,159.54,159.56,99.89,99.9,25.0,25.01
5,151.13,0.0,0.0,0.0,0.0,0.0,0.0,0,0,0,0,0,mm,mm,mm,159.55,159.56,100.04,100.05,24.99,25.02
6,155.28,0.0,0.0,0.0,0.0,0.0,0.0,0,0,0,0,0,mm,mm,mm,159.94,159.98,99.96,99.98,25.0,25.01
7,159.42,428.41,428.41,428.41,0.0,0.0,0.0,12087,12087,12087,0,0,dir,mm,mm,160.24,160.25,99.99,100.0,25.01,25.02
8,163.1,1758.71,1758.71,1758.71,0.0,0.0,0.0,18260,18260,18260,0,0,dir,mm,mm,160.32,160.34,100.01,100.13,24.99,25.02
9,167.32,1295.11,1295.11,1295.11,0.0,0.0,0.0,21657,21657,21657,0,0,dir,mm,mm,160.31,160.33,100.06,100.14,24.97,25.01
10,171.48,-16822.2,-16822.2,-16822.2,0.0,0.0,0.0,21813,21813,21813,0,0,cut,mm,mm,159.48,159.51,100.15,100.16,25.0,25.01
11,175.13,-20457.8,-20457.8,-20457.8,0.0,0.0,0.0,6813,6813,6813,0,0,dir,mm,mm,159.26,159.27,100.08,100.09,25.01,25.04
12,179.4,-31242.94,-31242.94,-31242.94,0.0,0.0,0.0,5274,-5274,-5274,0,0,cut,mm,mm,160.37,160.39,100.02,100.11,24.99,25.0
13,183.08,-31420.88,-31420.88,-31420.88,0.0,0.0,0.0,0,0,0,0,0,mm,mm,mm,159.18,159.19,100.07,100.09,24.99,25.01
14,187.41,-31420.88,-31420.88,-31420.88,0.0,0.0,0.0,0,0,0,0,0,mm,mm,mm,160.03,160.22,100.0,100.01,25.0,25.01
15,191.02,-31420.88,-31420.88,-31420.88,0.0,0.0,0.0,0,0,0,0,0,mm,mm,mm,159.82,160.25,100.11,100.12,25.0,25.01
16,195.26,-31420.88,-31420.88,-31420.88,0.0,0.0,0.0,0,0,0,0,0,mm,mm,mm,160.17,160.43,100.02,100.03,25.0,25.01
17,199.42,-31420.88,-31420.88,-31420.88,0.0,0.0,0.0,0,0,0,0,0,mm,mm,mm,159.55,159.71,100.05,100.07,25.0,25.01
18,203.52,-31420.88,-31420.88,-31420.88,0.0,0.0,0.0,0,0,0,0,0,mm,mm,mm,159.71,159.74,100.06,100.07,25.0,25.01
19,207.22,-31420.88,-31420.88,-31420.88,0.0,0.0,0.0,0,0,0,0,0,mm,mm,mm,160.04,160.06,100.06,100.07,25.0,25.01
20,211.38,-31420.88,-31420.88,-31420.88,0.0,0.0,0.0,0,0,0,0,0,mm,mm,mm,160.25,160.44,100.06,100.07,25.0,25.01
21,215.45,-31205.38,-31205.38,-31205.38,0.0,0.0,0.0,10000,10000,10000,0,0,dir,mm,mm,160.47,160.48,100.06,100.07,25.0,25.01
22,219.04,-31191.18,-31191.18,-31191.18,0.0,0.0,0.0,18173,18173,18173,0,0,dir,mm,mm,160.48,160.49,100.03,100.04,25.0,25.01
23,223.21,-31240.88,-31240.88,-31240.88,0.0,0.0,0.0,22087,22087,22087,0,0,dir,mm,mm,160.48,160.49,100.01,100.02,25.0,25.01
24,227.36,-31240.88,-31240.88,-31240.88,0.0,0.0,0.0,22087,22087,22087,0,0,dir,mm,mm,160.48,160.49,100.01,100.02,25.0,25.01
25,231.45,-31294.88,-31294.88,-31294.88,0.0,0.0,0.0,2087,2087,2087,0,0,cut,mm,mm,160.48,160.49,100.01,100.02,24.95,24.96
26,235.55,-31300.52,-31300.52,-31300.52,0.0,0.0,0.0,0,0,0,0,0,mm,mm,mm,160.48,160.49,100.01,100.02,24.93,24.96
27,239.14,-31300.52,-31300.52,-31300.52,0.0,0.0,0.0,0,0,0,0,0,mm,mm,mm,160.48,160.49,100.01,100.02,24.94,24.96
28,243.25,-31300.52,-31300.52,-31300.52,0.0,0.0,0.0,0,0,0,0,0,mm,mm,mm,160.48,160.49,100.05,100.06,24.95,24.96
29,247.38,-31300.52,-31300.52,-31300.52,0.0,0.0,0.0,0,0,0,0,0,mm,mm,mm,160.48,160.49,100.11,100.12,24.95,24.96
30,251.47,-31300.52,-31300.52,-31300.52,0.0,0.0,0.0,0,0,0,0,0,mm,mm,mm,160.48,160.49,100.12,100.13,24.95,24.96
31,255.08,-31300.52,-31300.52,-31300.52,0.0,0.0,0.0,0,0,0,0,0,mm,mm,mm,160.48,160.49,100.1,100.13,24.95,24.96
32,259.17,-31300.52,-31300.52,-31300.52,0.0,0.0,0.0,0,0,0,0,0,mm,mm,mm,160.48,160.49,100.06,100.08,24.95,24.96
33,263.31,-31300.52,-31300.52,-31300.52,0.0,0.0,0.0,0,0,0,0,0,mm,mm,mm,160.48,160.49,100.03,100.04,24.95,24.96
34,267.45,-31300.52,-31300.52,-31300.52,0.0,0.0,0.0,0,0,0,0,0,mm,mm,mm,160.48,160.49,100.09,100.1,24.95,24.96
35,271.57,-31300.52,-31300.52,-31300.52,0.0,0.0,0.0,0,0,0,0,0,mm,mm,mm,160.48,160.49,100.12,100.13,24.95,24.96
36,275.66,-31300.52,-31300.52,-31300.52,0.0,0.0,0.0,0,0,0,0,0,mm,mm,mm,160.48,160.49,100.13,100.14,24.95,24.96
37,279.29,-31300.52,-31300.52,-31300.52,0.0,0.0,0.0,0,0,0,0,0,mm,mm,mm,159.67,160.01,100.13,100.14,24.95,24.96
38,283.39,-30612.23,-30612.23,-30612.23,0.0,0.0,0.0,10000,-10000,-10000,0,0,dir,mm,mm,159.48,159.5,100.13,100.14,24.95,24.96
39,287.43,-28805.06,-28805.06,-28805.06,0.0,0.0,0.0,17913,-17913,-17913,0,0,dir,mm,mm,159.38,159.39,100.13,100.14,24.95,24.96
40,291.54,-48681.02,-48681.02,-48681.02,0.0,0.0,0.0,18272,-18272,-18272,0,0,cut,mm,mm,160.3,160.36,100.13,100.14,24.95,24.96
41,295.63,-50531.04,-50531.04,-50531.04,0.0,0.0,0.0,0,0,0,0,0,mm,mm,mm,160.5,160.51,100.13,100.14,24.95,24.96
42,299.31,-50531.04,-50531.04,-50531.04,0.0,0.0,0.0,0,0,0,0,0,mm,mm,mm,160.27,160.41,100.13,100.14,24.95,24.96
43,303.42,-50531.04,-50531.04,-50531.04,0.0,0.0,0.0,0,0,0,0,0,mm,mm,mm,160.13,160.14,100.13,100.14,24.95,24.96
44,307.57,-50531.04,-50531.04,-50531.04,0.0,0.0,0.0,0,0,0,0,0,mm,mm,mm,159.79,160.0,100.13,100.14,24.95,24.96
45,311.66,-50531.04,-50531.04,-50531.04,0.0,0.0,0.0,0,0,0,0,0,mm,mm,mm,159.84,159.85,100.06,100.08,24.95,24.96
46,315.31,-50531.04,-50531.04,-50531.04,0.0,0.0,0.0,0,0,0,0,0,mm,mm,mm,159.82,159.85,100.1,100.14,24.95,24.96
47,319.35,-50531.04,-50531.04,-50531.04,0.0,0.0,0.0,0,0,0,0,0,mm,mm,mm,159.63,159.64,100.15,100.16,24.95,24.96
48,323.42,-50531.04,-50531.04,-50531.04,0.0,0.0,0.0,0,0,0,0,0,mm,mm,mm,159.58,159.6,100.13,100.14,24.95,24.96
49,327.54,-50531.04,-50531.04,-50531.04,0.0,0.0,0.0,0,0,0,0,0,mm,mm,mm,159.98,160.0,100.12,100.13,24.95,24.96
50,331.68,-50531.04,-50531.04,-50531.04,0.0,0.0,0.0,0,0,0,0,0,mm,mm,mm,159.97,159.99,100.21,100.22,24.95,24.96
51,335.36,-50531.04,-50531.04,-50531.04,0.0,0.0,0.0,0,0,0,0,0,mm,mm,mm,159.91,159.95,100.12,100.13,24.95,24.96
52,339.48,-50531.04,-50531.04,-50531.04,0.0,0.0,0.0,0,0,0,0,0,mm,mm,mm,159.44,159.56,100.21,100.22,24.95,24.96
53,343.58,-50531.04,-50531.04,-50531.04,0.0,0.0,0.0,0,0,0,0,0,mm,mm,mm,160.07,160.08,100.19,100.2,24.98,24.99
54,347.68,-50531.04,-50531.04,-50531.04,0.0,0.0,0.0,0,0,0,0,0,mm,mm,mm,160.15,160.17,100.12,100.13,25.03,25.05
55,351.27,-50531.04,-50531.04,-50531.04,0.0,0.0,0.0,0,0,0,0,0,mm,mm,mm,159.88,159.92,100.11,100.12,24.98,24.99
56,355.4,-50531.04,-50531.04,-50531.04,0.0,0.0,0.0,0,0,0,0,0,mm,mm,mm,159.84,159.85,100.06,100.08,24.99,25.0
57,359.51,-50531.04,-50531.04,-50531.04,0.0,0.0,0.0,0,0,0,0,0,mm,mm,mm,159.59,159.65,100.03,100.04,25.01,25.02
58,363.62,-50531.04,-50531.04,-50531.04,0.0,0.0,0.0,0,0,0,0,0,mm,mm,mm,159.57,159.58,100.1,100.11,25.01,25.02
59,367.3,-50531.04,-50531.04,-50531.04,0.0,0.0,0.0,0,0,0,0,0,mm,mm,mm,159.61,159.63,100.08,100.1,25.0,25.01
60,371.52,-50531.04,-50531.04,-50531.04,0.0,0.0,0.0,0,0,0,0,0,mm,mm,mm,160.07,160.08,100.04,100.05,24.99,25.0
61,375.65,-50603.92,-50603.92,-50603.92,0.0,0.0,0.0,10652,10652,10652,0,0,dir,mm,mm,160.2,160.24,100.07,100.09,24.98,24.99
62,379.73,-50103.08,-50103.08,-50103.08,0.0,0.0,0.0,20000,20000,20000,0,0,dir,mm,mm,160.25,160.26,100.12,100.13,24.98,24.99
63,383.36,-50129.58,-50129.58,-50129.58,0.0,0.0,0.0,22087,22087,22087,0,0,dir,mm,mm,160.27,160.29,100.18,100.19,25.02,25.03
64,387.52,-56004.29,-56004.29,-56004.29,0.0,0.0,0.0,17087,17087,17087,0,0,cut,mm,mm,159.95,160.02,100.16,100.17,25.01,25.02
65,391.65,-56266.5,-56266.5,-56266.5,0.0,0.0,0.0,0,0,0,0,0,mm,mm,mm,159.95,159.96,100.12,100.16,24.99,25.04
66,395.73,-56266.5,-56266.5,-56266.5,0.0,0.0,0.0,0,0,0,0,0,mm,mm,mm,160.3,160.31,100.1,100.11,24.99,25.0
67,399.38,-56266.5,-56266.5,-56266.5,0.0,0.0,0.0,0,0,0,0,0,mm,mm,mm,160.08,160.1,100.04,100.05,25.0,25.01
68,403.59,-56266.5,-56266.5,-56266.5,0.0,0.0,0.0,0,0,0,0,0,mm,mm,mm,160.14,160.16,100.05,100.06,25.0,25.03
69,407.68,-56266.5,-56266.5,-56266.5,0.0,0.0,0.0,0,0,0,0,0,mm,mm,mm,160.24,160.25,100.07,100.08,25.01,25.02
70,411.78,-56266.5,-56266.5,-56266.5,0.0,0.0,0.0,0,0,0,0,0,mm,mm,mm,160.05,160.27,100.04,100.05,24.99,25.01
71,415.36,-56266.5,-56266.5,-56266.5,0.0,0.0,0.0,0,0,0,0,0,mm,mm,mm,160.08,160.1,100.0,100.07,25.03,25.05
72,419.49,-56266.5,-56266.5,-56266.5,0.0,0.0,0.0,0,0,0,0,0,mm,mm,mm,160.19,160.32,99.99,100.01,25.03,25.04
73,423.58,-56266.5,-56266.5,-56266.5,0.0,0.0,0.0,0,0,0,0,0,mm,mm,mm,160.1,160.11,99.99,100.0,25.03,25.04
74,427.67,-56266.5,-56266.5,-56266.5,0.0,0.0,0.0,0,0,0,0,0,mm,mm,mm,160.09,160.11,99.99,100.0,25.03,25.04
75,431.8,-56266.5,-56266.5,-56266.5,0.0,0.0,0.0,0,0,0,0,0,mm,mm,mm,160.09,160.1,99.99,100.0,25.03,25.04
76,435.45,-56266.5,-56266.5,-56266.5,0.0,0.0,0.0,0,0,0,0,0,mm,mm,mm,160.09,160.1,99.98,99.99,25.03,25.04
77,439.6,-56266.5,-56266.5,-56266.5,0.0,0.0,0.0,0,0,0,0,0,mm,mm,mm,160.09,160.1,99.97,99.98,25.03,25.04
78,443.74,-56266.5,-56266.5,-56266.5,0.0,0.0,0.0,0,0,0,0,0,mm,mm,mm,160.09,160.1,99.97,99.98,25.03,25.04
79,447.38,-56266.5,-56266.5,-56266.5,0.0,0.0,0.0,0,0,0,0,0,mm,mm,mm,160.09,160.1,99.97,99.98,25.03,25.04
80,451.54,-56266.5,-56266.5,-56266.5,0.0,0.0,0.0,0,0,0,0,0,mm,mm,mm,160.09,160.1,99.97,99.98,25.03,25.04
81,455.68,-56266.5,-56266.5,-56266.5,0.0,0.0,0.0,0,0,0,0,0,mm,mm,mm,160.09,160.1,99.97,99.98,25.03,25.04
82,459.81,-56266.5,-56266.5,-56266.5,0.0,0.0,0.0,0,0,0,0,0,mm,mm,mm,160.09,160.1,99.97,99.98,25.03,25.04
83,463.47,-56266.5,-56266.5,-56266.5,0.0,0.0,0.0,0,0,0,0,0,mm,mm,mm,160.09,160.1,99.98,99.99,25.03,25.04
84,467.61,-56266.5,-56266.5,-56266.5,0.0,0.0,0.0,0,0,0,0,0,mm,mm,mm,160.09,160.1,99.98,99.99,25.03,25.04
85,471.76,-56266.5,-56266.5,-56266.5,0.0,0.0,0.0,0,0,0,0,0,mm,mm,mm,160.09,160.1,99.96,99.97,25.03,25.04
86,475.89,-56266.5,-56266.5,-56266.5,0.0,0.0,0.0,0,0,0,0,0,mm,mm,mm,160.09,160.1,99.96,99.97,25.03,25.04
87,479.54,-56266.5,-56266.5,-56266.5,0.0,0.0,0.0,0,0,0,0,0,mm,mm,mm,160.09,160.1,100.03,100.05,25.03,25.04
88,483.69,-56266.5,-56266.5,-56266.5,0.0,0.0,0.0,0,0,0,0,0,mm,mm,mm,160.09,160.1,100.01,100.02,25.03,25.04
89,487.84,-56266.5,-56266.5,-56266.5,0.0,0.0,0.0,0,0,0,0,0,mm,mm,mm,160.09,160.1,99.93,99.94,25.03,25.04
90,491.46,-56266.5,-56266.5,-56266.5,0.0,0.0,0.0,0,0,0,0,0,mm,mm,mm,160.09,160.1,99.94,99.95,25.03,25.04
91,495.6,-56266.5,-56266.5,-56266.5,0.0,0.0,0.0,0,0,0,0,0,mm,mm,mm,160.09,160.1,99.92,99.93,25.03,25.04
92,499.75,-56266.5,-56266.5,-56266.5,0.0,0.0,0.0,0,0,0,0,0,mm,mm,mm,160.09,160.1,99.97,99.98,25.03,25.04
93,503.88,-56266.5,-56266.5,-56266.5,0.0,0.0,0.0,0,0,0,0,0,mm,mm,mm,160.09,160.1,99.98,100.01,25.03,25.04
94,507.53,-56266.5,-56266.5,-56266.5,0.0,0.0,0.0,0,0,0,0,0,mm,mm,mm,160.09,160.1,99.91,99.92,25.03,25.04
95,511.69,-56266.5,-56266.5,-56266.5,0.0,0.0,0.0,0,0,0,0,0,mm,mm,mm,160.09,160.1,99.99,100.01,25.03,25.04
96,515.84,-56266.5,-56266.5,-56266.5,0.0,0.0,0.0,0,0,0,0,0,mm,mm,mm,160.09,160.1,100.02,100.03,25.03,25.04
97,519.48,-56266.5,-56266.5,-56266.5,0.0,0.0,0.0,0,0,0,0,0,mm,mm,mm,160.09,160.1,99.99,100.0,25.03,25.04
98,523.66,-56266.5,-56266.5,-56266.5,0.0,0.0,0.0,0,0,0,0,0,mm,mm,mm,160.1,160.12,99.94,99.95,25.03,25.04
99,527.75,-56266.5,-56266.5,-56266.5,0.0,0.0,0.0,0,0,0,0,0,mm,mm,mm,160.43,160.48,100.05,100.06,25.03,25.04
100,531.9,-56226.67,-56226.67,-56226.67,0.0,0.0,0.0,15000,15000,15000,0,0,dir,mm,mm,160.5,160.53,99.97,99.98,25.03,25.04
101,535.5,-55806.28,-55806.28,-55806.28,0.0,0.0,0.0,17331,17331,17331,0,0,dir,mm,mm,160.53,160.54,99.98,100.01,25.03,25.04
102,539.6,-55287.26,-55287.26,-55287.26,0.0,0.0,0.0,17669,17669,17669,0,0,dir,mm,mm,160.56,160.57,99.98,100.0,25.03,25.04
103,543.69,-54580.5,-54580.5,-54580.5,0.0,0.0,0.0,17669,17669,17669,0,0,dir,mm,mm,160.6,160.61,99.93,99.94,25.03,25.04
104,547.81,-54227.12,-54227.12,-54227.12,0.0,0.0,0.0,17669,17669,17669,0,0,dir,mm,mm,160.62,160.63,99.9,99.91,25.03,25.04
105,551.98,-54580.5,-54580.5,-54580.5,0.0,0.0,0.0,17669,17669,17669,0,0,dir,mm,mm,160.6,160.61,99.94,99.95,25.03,25.04
106,555.6,-54580.5,-54580.5,-54580.5,0.0,0.0,0.0,17669,17669,17669,0,0,dir,mm,mm,160.6,160.61,99.94,99.95,25.03,25.04
107,559.7,-54730.48,-54730.48,-54730.48,0.0,0.0,0.0,2669,2669,2669,0,0,cut,mm,mm,160.58,160.59,99.92,99.93,25.03,25.04
108,563.84,-54737.69,-54737.69,-54737.69,0.0,0.0,0.0,0,0,0,0,0,mm,mm,mm,160.12,160.13,100.01,100.02,25.03,25.04
109,567.92,-54737.69,-54737.69,-54737.69,0.0,0.0,0.0,0,0,0,0,0,mm,mm,mm,160.08,160.14,100.04,100.08,25.03,25.04
110,571.53,-54851.77,-54851.77,-54851.77,0.0,0.0,0.0,5000,-5000,-5000,0,0,dir,mm,mm,160.05,160.09,99.89,99.96,25.03,25.04
111,575.66,-55557.43,-55557.43,-55557.43,0.0,0.0,0.0,15000,-15000,-15000,0,0,dir,mm,mm,160.09,160.11,99.93,99.94,25.03,25.04
112,579.76,-63592.29,-63592.29,-63592.29,0.0,0.0,0.0,0,0,0,0,0,mm,mm,mm,160.45,160.69,99.96,99.97,25.03,25.04
113,583.87,-63592.29,-63592.29,-63592.29,0.0,0.0,0.0,0,0,0,0,0,mm,mm,mm,160.42,160.45,99.89,100.0,25.06,25.07
114,587.99,-63592.29,-63592.29,-63592.29,0.0,0.0,0.0,0,0,0,0,0,mm,mm,mm,160.43,160.44,99.92,99.93,25.07,25.08
115,591.6,-63592.29,-63592.29,-63592.29,0.0,0.0,0.0,0,0,0,0,0,mm,mm,mm,160.41,160.42,99.93,99.94,25.04,25.05
116,595.72,-63592.29,-63592.29,-63592.29,0.0,0.0,0.0,0,0,0,0,0,mm,mm,mm,160.03,160.06,99.94,99.97,25.06,25.07
117,599.82,-63592.29,-63592.29,-63592.29,0.0,0.0,0.0,0,0,0,0,0,mm,mm,mm,159.99,160.02,99.96,99.97,25.08,25.09
118,603.97,-63592.29,-63592.29,-63592.29,0.0,0.0,0.0,0,0,0,0,0,mm,mm,mm,160.01,160.02,100.02,100.04,25.05,25.08
119,607.58,-63592.29,-63592.29,-63592.29,0.0,0.0,0.0,0,0,0,0,0,mm,mm,mm,160.01,160.02,99.97,99.99,25.06,25.07
120,611.67,-63592.29,-63592.29,-63592.29,0.0,0.0,0.0,0,0,0,0,0,mm,mm,mm,160.01,160.02,99.9,99.91,25.07,25.08
121,615.83,-63592.29,-63592.29,-63592.29,0.0,0.0,0.0,0,0,0,0,0,mm,mm,mm,160.01,160.02,99.96,99.97,25.06,25.08
122,619.95,-63592.29,-63592.29,-63592.29,0.0,0.0,0.0,0,0,0,0,0,mm,mm,mm,160.01,160.02,100.0,100.01,25.06,25.07
123,624.06,-63592.29,-63592.29,-63592.29,0.0,0.0,0.0,0,0,0,0,0,mm,mm,mm,160.01,160.02,99.97,99.98,25.09,25.1
124,627.68,-63592.29,-63592.29,-63592.29,0.0,0.0,0.0,0,0,0,0,0,mm,mm,mm,160.01,160.02,99.97,99.98,25.06,25.07
125,631.82,-63592.29,-63592.29,-63592.29,0.0,0.0,0.0,0,0,0,0,0,mm,mm,mm,160.01,160.02,99.88,99.9,25.06,25.07
126,635.94,-63592.29,-63592.29,-63592.29,0.0,0.0,0.0,0,0,0,0,0,mm,mm,mm,160.01,160.02,99.98,99.99,25.04,25.05
127,640.03,-63592.29,-63592.29,-63592.29,0.0,0.0,0.0,0,0,0,0,0,mm,mm,mm,160.01,160.02,99.88,99.9,25.03,25.04
128,644.09,-63592.29,-63592.29,-63592.29,0.0,0.0,0.0,0,0,0,0,0,mm,mm,mm,160.01,160.02,99.87,99.88,25.07,25.08
129,647.71,-63592.29,-63592.29,-63592.29,0.0,0.0,0.0,0,0,0,0,0,mm,mm,mm,160.01,160.02,99.89,99.92,25.03,25.05
130,651.83,-63592.29,-63592.29,-63592.29,0.0,0.0,0.0,0,0,0,0,0,mm,mm,mm,160.01,160.02,99.87,99.89,25.05,25.06
131,655.98,-63592.29,-63592.29,-63592.29,0.0,0.0,0.0,0,0,0,0,0,mm,mm,mm,160.01,160.02,99.9,99.91,25.08,25.09
132,660.08,-63592.29,-63592.29,-63592.29,0.0,0.0,0.0,0,0,0,0,0,mm,mm,mm,160.01,160.02,99.9,99.91,25.06,25.07
133,664.14,-63592.29,-63592.29,-63592.29,0.0,0.0,0.0,0,0,0,0,0,mm,mm,mm,159.98,160.0,99.9,99.91,25.06,25.07
134,667.74,-63592.29,-63592.29,-63592.29,0.0,0.0,0.0,0,0,0,0,0,mm,mm,mm,159.97,159.98,99.9,99.91,25.06,25.07
135,671.82,-63592.29,-63592.29,-63592.29,0.0,0.0,0.0,0,0,0,0,0,mm,mm,mm,159.97,159.98,99.9,99.91,25.06,25.07
136,675.93,-63592.29,-63592.29,-63592.29,0.0,0.0,0.0,0,0,0,0,0,mm,mm,mm,160.03,160.04,99.9,99.91,25.06,25.07
137,680.06,-63824.79,-63824.79,-63824.79,0.0,0.0,0.0,5000,5000,5000,0,0,dir,mm,mm,160.36,160.5,99.9,99.91,25.06,25.07
138,684.14,-63332.78,-63332.78,-63332.78,0.0,0.0,0.0,15000,15000,15000,0,0,dir,mm,mm,160.56,160.71,99.9,99.91,25.06,25.07
139,687.84,-62365.42,-62365.42,-62365.42,0.0,0.0,0.0,17331,17331,17331,0,0,dir,mm,mm,160.63,160.68,99.9,99.91,25.06,25.07
140,691.95,-65387.34,-65387.34,-65387.34,0.0,0.0,0.0,17669,17669,17669,0,0,cut,mm,mm,160.36,160.39,99.9,99.91,25.06,25.07
141,696.05,-70423.85,-70423.85,-70423.85,0.0,0.0,0.0,1849,1849,1849,0,0,cut,mm,mm,159.99,160.04,99.9,99.91,25.06,25.07
142,700.2,-70428.84,-70428.84,-70428.84,0.0,0.0,0.0,0,0,0,0,0,mm,mm,mm,159.93,159.96,99.9,99.91,25.06,25.07
143,703.79,-77873.13,-77873.13,-77873.13,0.0,0.0,0.0,5642,-5642,-5642,0,0,cut,mm,mm,160.74,160.75,99.9,99.91,25.06,25.07
144,707.93,-77894.78,-77894.78,-77894.78,0.0,0.0,0.0,0,0,0,0,0,mm,mm,mm,160.75,160.76,99.9,99.91,25.06,25.07
145,712.01,-77894.78,-77894.78,-77894.78,0.0,0.0,0.0,0,0,0,0,0,mm,mm,mm,159.87,159.88,99.9,99.91,25.06,25.07
146,716.11,-77894.78,-77894.78,-77894.78,0.0,0.0,0.0,0,0,0,0,0,mm,mm,mm,159.83,159.84,99.88,99.89,25.06,25.07
147,720.2,-77894.78,-77894.78,-77894.78,0.0,0.0,0.0,0,0,0,0,0,mm,mm,mm,159.83,159.85,99.94,99.95,25.03,25.04
148,723.79,-77894.78,-77894.78,-77894.78,0.0,0.0,0.0,0,0,0,0,0,mm,mm,mm,159.86,159.87,99.94,99.97,25.02,25.04
149,727.99,-77894.78,-77894.78,-77894.78,0.0,0.0,0.0,0,0,0,0,0,mm,mm,mm,160.11,160.12,100.01,100.03,25.08,25.09
150,732.14,-77894.78,-77894.78,-77894.78,0.0,0.0,0.0,0,0,0,0,0,mm,mm,mm,160.18,160.29,99.99,100.0,25.07,25.08
151,735.87,-77894.78,-77894.78,-77894.78,0.0,0.0,0.0,0,0,0,0,0,mm,mm,mm,160.14,160.15,100.02,100.04,25.04,25.05
152,740.0,-77894.78,-77894.78,-77894.78,0.0,0.0,0.0,0,0,0,0,0,mm,mm,mm,160.13,160.14,99.94,99.95,25.04,25.05
153,744.07,-77894.78,-77894.78,-77894.78,0.0,0.0,0.0,0,0,0,0,0,mm,mm,mm,159.93,159.95,99.94,99.95,25.05,25.06
154,748.14,-77894.78,-77894.78,-77894.78,0.0,0.0,0.0,0,0,0,0,0,mm,mm,mm,159.96,159.99,99.88,99.89,25.06,25.07
155,752.27,-77894.78,-77894.78,-77894.78,0.0,0.0,0.0,0,0,0,0,0,mm,mm,mm,160.03,160.05,99.87,99.88,25.06,25.07
156,755.88,-77894.78,-77894.78,-77894.78,0.0,0.0,0.0,0,0,0,0,0,mm,mm,mm,160.03,160.05,99.89,99.9,25.04,25.05
157,759.96,-77894.78,-77894.78,-77894.78,0.0,0.0,0.0,0,0,0,0,0,mm,mm,mm,160.04,160.05,99.93,99.94,25.04,25.05
158,764.06,-77894.78,-77894.78,-77894.78,0.0,0.0,0.0,0,0,0,0,0,mm,mm,mm,159.77,159.78,99.93,99.94,25.06,25.07
159,768.21,-77894.78,-77894.78,-77894.78,0.0,0.0,0.0,0,0,0,0,0,mm,mm,mm,159.76,159.77,99.96,99.97,25.07,25.08
160,772.29,-77894.78,-77894.78,-77894.78,0.0,0.0,0.0,0,0,0,0,0,mm,mm,mm,159.75,159.77,100.0,100.01,25.06,25.07
161,775.88,-77894.78,-77894.78,-77894.78,0.0,0.0,0.0,0,0,0,0,0,mm,mm,mm,159.72,159.73,100.05,100.06,25.04,25.05
162,780.02,-77894.78,-77894.78,-77894.78,0.0,0.0,0.0,0,0,0,0,0,mm,mm,mm,159.71,159.74,100.01,100.04,25.08,25.09
163,784.12,-77894.78,-77894.78,-77894.78,0.0,0.0,0.0,0,0,0,0,0,mm,mm,mm,159.87,159.95,100.04,100.08,25.08,25.09
164,788.24,-77894.78,-77894.78,-77894.78,0.0,0.0,0.0,0,0,0,0,0,mm,mm,mm,159.7,159.72,99.95,99.97,25.04,25.05
165,792.34,-77894.78,-77894.78,-77894.78,0.0,0.0,0.0,0,0,0,0,0,mm,mm,mm,159.68,159.69,99.93,99.94,25.04,25.05
166,796.02,-77894.78,-77894.78,-77894.78,0.0,0.0,0.0,0,0,0,0,0,mm,mm,mm,159.72,159.73,99.93,99.96,25.04,25.05
167,800.16,-77894.78,-77894.78,-77894.78,0.0,0.0,0.0,0,0,0,0,0,mm,mm,mm,160.02,160.03,99.91,99.92,25.05,25.07
168,804.3,-77894.78,-77894.78,-77894.78,0.0,0.0,0.0,0,0,0,0,0,mm,mm,mm,160.02,160.06,100.04,100.05,25.04,25.05
169,807.89,-77894.78,-77894.78,-77894.78,0.0,0.0,0.0,0,0,0,0,0,mm,mm,mm,160.03,160.04,99.99,100.01,25.01,25.03
170,811.99,-77894.78,-77894.78,-77894.78,0.0,0.0,0.0,0,0,0,0,0,mm,mm,mm,159.97,160.0,100.03,100.04,25.07,25.09
171,816.07,-77894.78,-77894.78,-77894.78,0.0,0.0,0.0,0,0,0,0,0,mm,mm,mm,159.67,159.68,100.06,100.08,25.04,25.05
172,820.2,-77894.78,-77894.78,-77894.78,0.0,0.0,0.0,0,0,0,0,0,mm,mm,mm,159.66,159.67,100.01,100.02,25.02,25.04
173,824.29,-77894.78,-77894.78,-77894.78,0.0,0.0,0.0,0,0,0,0,0,mm,mm,mm,159.66,159.67,99.99,100.01,25.03,25.06
174,828.42,-77894.78,-77894.78,-77894.78,0.0,0.0,0.0,0,0,0,0,0,mm,mm,mm,159.64,159.65,100.03,100.06,25.05,25.06
175,832.04,-77894.78,-77894.78,-77894.78,0.0,0.0,0.0,0,0,0,0,0,mm,mm,mm,159.64,159.65,100.0,100.01,25.05,25.06
176,836.17,-77894.78,-77894.78,-77894.78,0.0,0.0,0.0,0,0,0,0,0,mm,mm,mm,159.64,159.65,100.0,100.01,25.05,25.06
177,840.3,-77894.78,-77894.78,-77894.78,0.0,0.0,0.0,0,0,0,0,0,mm,mm,mm,159.66,159.67,100.0,100.01,25.05,25.06
178,844.4,-77894.78,-77894.78,-77894.78,0.0,0.0,0.0,0,0,0,0,0,mm,mm,mm,159.71,159.72,100.0,100.01,25.05,25.06
179,848.0,-77894.78,-77894.78,-77894.78,0.0,0.0,0.0,0,0,0,0,0,mm,mm,mm,159.72,159.73,100.0,100.01,25.05,25.06
180,852.06,-77894.78,-77894.78,-77894.78,0.0,0.0,0.0,0,0,0,0,0,mm,mm,mm,159.72,159.73,100.0,100.01,25.05,25.06
181,856.19,-77894.78,-77894.78,-77894.78,0.0,0.0,0.0,0,0,0,0,0,mm,mm,mm,159.72,159.74,100.0,100.01,25.05,25.06
182,860.29,-77894.78,-77894.78,-77894.78,0.0,0.0,0.0,0,0,0,0,0,mm,mm,mm,159.8,159.86,100.0,100.01,25.05,25.06
183,864.38,-77894.78,-77894.78,-77894.78,0.0,0.0,0.0,0,0,0,0,0,mm,mm,mm,159.87,159.92,100.0,100.01,25.05,25.06
184,868.01,-77894.78,-77894.78,-77894.78,0.0,0.0,0.0,0,0,0,0,0,mm,mm,mm,159.86,159.87,100.0,100.01,25.05,25.06
185,872.13,-77894.78,-77894.78,-77894.78,0.0,0.0,0.0,0,0,0,0,0,mm,mm,mm,159.98,159.99,100.0,100.01,25.05,25.06
186,876.26,-77894.78,-77894.78,-77894.78,0.0,0.0,0.0,0,0,0,0,0,mm,mm,mm,159.97,159.99,100.0,100.01,25.05,25.06
187,880.4,-77894.78,-77894.78,-77894.78,0.0,0.0,0.0,0,0,0,0,0,mm,mm,mm,159.93,159.94,100.0,100.01,25.05,25.06
188,884.04,-77894.78,-77894.78,-77894.78,0.0,0.0,0.0,0,0,0,0,0,mm,mm,mm,159.75,159.78,100.0,100.01,25.05,25.06
189,888.13,-77894.78,-77894.78,-77894.78,0.0,0.0,0.0,0,0,0,0,0,mm,mm,mm,160.01,160.13,100.0,100.01,25.05,25.06
190,892.41,-77894.78,-77894.78,-77894.78,0.0,0.0,0.0,0,0,0,0,0,mm,mm,mm,160.0,160.08,100.0,100.01,25.05,25.06
191,896.07,-77894.78,-77894.78,-77894.78,0.0,0.0,0.0,0,0,0,0,0,mm,mm,mm,160.09,160.1,100.0,100.01,25.05,25.06
192,900.23,-77894.78,-77894.78,-77894.78,0.0,0.0,0.0,0,0,0,0,0,mm,mm,mm,159.89,159.92,100.0,100.01,25.05,25.06
193,904.37,-77894.78,-77894.78,-77894.78,0.0,0.0,0.0,0,0,0,0,0,mm,mm,mm,159.87,159.88,100.0,100.01,25.05,25.06
194,908.46,-77894.78,-77894.78,-77894.78,0.0,0.0,0.0,0,0,0,0,0,mm,mm,mm,159.95,159.99,100.0,100.01,25.05,25.06
195,912.07,-77894.78,-77894.78,-77894.78,0.0,0.0,0.0,0,0,0,0,0,mm,mm,mm,159.97,159.98,100.0,100.01,25.05,25.06
196,916.18,-77894.78,-77894.78,-77894.78,0.0,0.0,0.0,0,0,0,0,0,mm,mm,mm,159.98,159.99,100.0,100.01,25.05,25.06
197,920.25,-77894.78,-77894.78,-77894.78,0.0,0.0,0.0,0,0,0,0,0,mm,mm,mm,160.05,160.06,100.0,100.01,25.05,25.06
198,924.34,-77894.78,-77894.78,-77894.78,0.0,0.0,0.0,0,0,0,0,0,mm,mm,mm,160.09,160.1,100.0,100.01,25.05,25.06
199,928.44,-77894.78,-77894.78,-77894.78,0.0,0.0,0.0,0,0,0,0,0,mm,mm,mm,160.17,160.18,100.0,100.01,25.05,25.06
200,932.62,-77894.78,-77894.78,-77894.78,0.0,0.0,0.0,0,0,0,0,0,mm,mm,mm,160.18,160.19,100.15,100.16,25.05,25.06
201,936.22,-76861.86,-76861.86,-77894.78,1032.92,1032.92,0.0,15000,15000,0,15000,0,mm,dir,mm,160.16,160.18,100.29,100.3,25.05,25.06
202,940.33,-73929.64,-73929.64,-77894.78,3965.14,3965.14,0.0,20000,20000,0,20000,0,mm,dir,mm,160.21,160.22,100.45,100.46,25.05,25.06
203,944.44,-69792.8,-69792.8,-77894.78,8101.98,8101.98,0.0,22087,22087,0,22087,0,mm,dir,mm,160.1,160.11,100.65,100.66,25.05,25.06
204,948.53,-64050.18,-64050.18,-77894.78,13844.6,13844.6,0.0,22087,22087,0,22087,0,mm,dir,mm,160.16,160.17,100.94,100.98,25.05,25.06
205,952.17,-55436.25,-55436.25,-77894.78,22458.53,22458.53,0.0,22087,22087,0,22087,0,mm,dir,mm,160.23,160.24,101.29,101.31,25.05,25.06
206,956.33,-47705.8,-47705.8,-77894.78,30188.98,30188.98,0.0,22087,22087,0,22087,0,mm,dir,mm,160.14,160.15,101.66,101.7,25.05,25.06
207,960.5,-27827.5,-27827.5,-77894.78,50067.28,50067.28,0.0,22087,22087,0,22087,0,mm,dir,mm,160.06,160.1,102.6,102.67,25.05,25.06
208,964.59,-5740.5,-5740.5,-77894.78,72154.28,72154.28,0.0,22087,22087,0,22087,0,mm,dir,mm,160.15,160.18,103.72,103.73,25.05,25.08
209,968.22,29598.7,29598.7,-77894.78,107493.48,107493.48,0.0,22087,22087,0,22087,0,mm,dir,mm,160.07,160.13,105.14,105.15,25.06,25.11
210,972.31,64496.16,64496.16,-77894.78,142390.94,142390.94,0.0,22087,22087,0,22087,0,mm,dir,mm,160.02,160.09,106.74,106.78,25.06,25.09
211,976.45,102264.93,102264.93,-77894.78,180159.71,180159.71,0.0,22087,22087,0,22087,0,mm,dir,mm,160.0,160.01,108.45,108.58,25.07,25.08
212,980.53,142684.14,142684.14,-77894.78,220578.92,220578.92,0.0,22087,22087,0,22087,0,mm,dir,mm,160.06,160.07,110.3,110.5,25.07,25.08
213,984.2,186637.27,186637.27,-77894.78,264532.05,264532.05,0.0,22087,22087,0,22087,0,mm,dir,mm,160.07,160.08,112.25,112.42,25.07,25.08
214,988.28,219105.16,219105.16,-77894.78,296999.94,296999.94,0.0,22087,22087,0,22087,0,mm,dir,mm,160.08,160.1,113.72,113.74,25.07,25.08
215,992.48,248480.87,248480.87,-77894.78,326375.65,326375.65,0.0,22087,22087,0,22087,0,mm,dir,mm,160.05,160.06,115.43,115.6,25.07,25.08
216,996.1,248480.87,248480.87,-77894.78,326375.65,326375.65,0.0,22087,22087,0,22087,0,mm,dir,mm,160.01,160.05,117.07,117.78,25.07,25.08
217,1000.17,5346488.34,381844.99,-77894.78,5424383.12,459739.77,0.0,17087,17087,0,17087,0,mm,cut,mm,159.91,159.94,345.86,0.0,25.09,25.1
218,1004.26,6160278.56,381844.99,-77894.78,6238173.34,459739.77,0.0,0,0,0,0,0,mm,mm,mm,159.87,159.91,401.64,0.0,25.09,25.12
219,1008.35,6160278.56,381844.99,-77894.78,6238173.34,459739.77,0.0,0,0,0,0,0,mm,mm,mm,159.85,159.86,401.64,0.0,25.09,25.12
220,1012.44,6160278.56,381844.99,-77894.78,6238173.34,459739.77,0.0,0,0,0,0,0,mm,mm,mm,159.86,159.9,401.64,0.0,25.11,25.13
221,1016.54,6160278.56,381844.99,-77894.78,6238173.34,459739.77,0.0,0,0,0,0,0,mm,mm,mm,160.01,160.11,401.64,0.0,25.1,25.11
222,1020.14,6160278.56,381844.99,-77894.78,6238173.34,459739.77,0.0,0,0,0,0,0,mm,mm,mm,160.04,160.05,401.64,0.0,25.1,25.11
223,1024.32,6160278.56,381844.99,-77894.78,6238173.34,459739.77,0.0,0,0,0,0,0,mm,mm,mm,160.04,160.05,401.64,0.0,25.1,25.11
224,1028.44,6160278.56,381844.99,-77894.78,6238173.34,459739.77,0.0,0,0,0,0,0,mm,mm,mm,160.04,160.06,401.64,0.0,25.1,25.11
225,1032.59,6160278.56,381844.99,-77894.78,6238173.34,459739.77,0.0,0,0,0,0,0,mm,mm,mm,160.04,160.05,401.64,0.0,25.1,25.11
226,1036.23,6160278.56,381844.99,-77894.78,6238173.34,459739.77,0.0,0,0,0,0,0,mm,mm,mm,160.04,160.05,401.64,0.0,25.1,25.11
227,1040.36,6160278.56,381844.99,-77894.78,6238173.34,459739.77,0.0,0,0,0,0,0,mm,mm,mm,160.04,160.05,401.64,0.0,25.1,25.11
228,1044.52,6160278.56,381844.99,-77894.78,6238173.34,459739.77,0.0,0,0,0,0,0,mm,mm,mm,160.04,160.05,401.64,0.0,25.1,25.11
229,1048.21,6160278.56,381844.99,-77894.78,6238173.34,459739.77,0.0,0,0,0,0,0,mm,mm,mm,160.04,160.05,401.64,0.0,25.1,25.11
230,1052.3,6160278.56,381844.99,-77894.78,6238173.34,459739.77,0.0,0,0,0,0,0,mm,mm,mm,160.04,160.05,401.64,0.0,25.1,25.11
231,1056.39,6160278.56,381844.99,-77894.78,6238173.34,459739.77,0.0,0,0,0,0,0,mm,mm,mm,160.04,160.05,401.64,0.0,25.1,25.11
232,1060.57,6160278.56,381844.99,-77894.78,6238173.34,459739.77,0.0,0,0,0,0,0,mm,mm,mm,159.94,159.97,401.64,0.0,25.1,25.11
233,1064.7,6160278.56,381844.99,-77894.78,6238173.34,459739.77,0.0,0,0,0,0,0,mm,mm,mm,159.76,159.77,401.64,0.0,25.1,25.11
234,1068.32,6160278.56,381844.99,-77894.78,6238173.34,459739.77,0.0,0,0,0,0,0,mm,mm,mm,159.72,159.76,401.64,0.0,25.1,25.11
235,1072.44,6160278.56,381844.99,-77894.78,6238173.34,459739.77,0.0,0,0,0,0,0,mm,mm,mm,159.63,159.69,401.64,0.0,25.1,25.11
236,1076.54,6160278.56,381844.99,-77894.78,6238173.34,459739.77,0.0,0,0,0,0,0,mm,mm,mm,159.6,159.64,401.64,0.0,25.1,25.11
237,1080.66,6160278.56,381844.99,-77894.78,6238173.34,459739.77,0.0,0,0,0,0,0,mm,mm,mm,159.6,159.64,401.64,0.0,25.1,25.11
238,1084.3,6160278.56,381844.99,-77894.78,6238173.34,459739.77,0.0,0,0,0,0,0,mm,mm,mm,159.6,159.63,401.64,0.0,25.1,25.11
239,1088.4,6160278.56,381844.99,-77894.78,6238173.34,459739.77,0.0,0,0,0,0,0,mm,mm,mm,159.55,159.56,401.64,0.0,25.1,25.11
240,1092.5,6160278.56,381844.99,-77894.78,6238173.34,459739.77,0.0,0,0,0,0,0,mm,mm,mm,159.51,159.52,401.64,0.0,25.1,25.11
241,1096.64,6160278.56,381844.99,-77894.78,6238173.34,459739.77,0.0,0,0,0,0,0,mm,mm,mm,159.5,159.51,401.64,0.0,25.1,25.11
242,1100.76,6160278.56,381844.99,-77894.78,6238173.34,459739.77,0.0,0,0,0,0,0,mm,mm,mm,159.46,159.49,401.64,0.0,25.1,25.11
243,1104.36,6160278.56,381844.99,-77894.78,6238173.34,459739.77,0.0,0,0,0,0,0,mm,mm,mm,159.45,159.48,401.64,0.0,25.1,25.11
244,1108.46,6160278.56,381844.99,-77894.78,6238173.34,459739.77,0.0,0,0,0,0,0,mm,mm,mm,159.51,159.52,401.64,0.0,25.1,25.11
245,1112.67,6160278.56,381844.99,-77894.78,6238173.34,459739.77,0.0,0,0,0,0,0,mm,mm,mm,159.51,159.59,401.64,0.0,25.1,25.11
246,1116.29,6160278.56,381844.99,-77894.78,6238173.34,459739.77,0.0,0,0,0,0,0,mm,mm,mm,159.43,159.44,401.64,0.0,25.1,25.11
247,1120.39,6160278.56,381844.99,-77894.78,6238173.34,459739.77,0.0,0,0,0,0,0,mm,mm,mm,159.4,159.41,401.64,0.0,25.1,25.11
248,1124.52,6160278.56,381844.99,-77894.78,6238173.34,459739.77,0.0,0,0,0,0,0,mm,mm,mm,159.38,159.4,401.64,0.0,25.1,25.11
249,1128.59,6160278.56,381844.99,-77894.78,6238173.34,459739.77,0.0,0,0,0,0,0,mm,mm,mm,159.37,159.38,401.64,0.0,25.1,25.11
250,1132.73,6160278.56,381844.99,-77894.78,6238173.34,459739.77,0.0,0,0,0,0,0,mm,mm,mm,159.35,159.36,401.64,0.0,25.1,25.11
251,1136.38,6160278.56,381844.99,-77894.78,6238173.34,459739.77,0.0,0,0,0,0,0,mm,mm,mm,159.34,159.35,401.64,0.0,25.1,25.11
252,1140.47,6160278.56,381844.99,-77894.78,6238173.34,459739.77,0.0,0,0,0,0,0,mm,mm,mm,159.32,159.33,401.64,0.0,25.1,25.11
253,1144.62,6160278.56,381844.99,-77894.78,6238173.34,459739.77,0.0,0,0,0,0,0,mm,mm,mm,159.31,159.33,401.64,0.0,25.1,25.11
254,1148.73,6160278.56,381844.99,-77894.78,6238173.34,459739.77,0.0,0,0,0,0,0,mm,mm,mm,159.32,159.34,401.64,0.0,25.1,25.11
255,1152.82,6160278.56,381844.99,-77894.78,6238173.34,459739.77,0.0,0,0,0,0,0,mm,mm,mm,159.37,159.38,401.64,0.0,25.1,25.11
256,1156.42,6160278.56,381844.99,-77894.78,6238173.34,459739.77,0.0,0,0,0,0,0,mm,mm,mm,159.31,159.32,401.64,0.0,25.1,25.11
257,1160.51,6160278.56,381844.99,-77894.78,6238173.34,459739.77,0.0,0,0,0,0,0,mm,mm,mm,159.3,159.32,401.64,0.0,25.1,25.11
258,1164.61,6160278.56,381844.99,-77894.78,6238173.34,459739.77,0.0,0,0,0,0,0,mm,mm,mm,159.34,159.35,401.64,0.0,25.1,25.11
259,1168.78,6160278.56,381844.99,-77894.78,6238173.34,459739.77,0.0,0,0,0,0,0,mm,mm,mm,159.34,159.35,401.64,0.0,25.1,25.11
260,1172.42,6160278.56,381844.99,-77894.78,6238173.34,459739.77,0.0,0,0,0,0,0,mm,mm,mm,159.37,159.46,429.55,429.56,25.1,25.11
261,1176.53,6160278.56,381844.99,-77894.78,6238173.34,459739.77,0.0,0,0,0,0,0,mm,dir,mm,159.39,159.4,433.36,434.18,25.1,25.11
262,1180.65,6160278.56,381844.99,-77894.78,6238173.34,459739.77,0.0,0,0,0,0,0,mm,mm,mm,159.39,159.4,434.17,0.0,25.1,25.11
263,1184.75,6160278.56,381844.99,-77894.78,6238173.34,459739.77,0.0,0,0,0,0,0,mm,mm,mm,159.31,159.35,434.17,0.0,25.1,25.11
264,1188.36,6160278.56,381844.99,-77894.78,6238173.34,459739.77,0.0,0,0,0,0,0,mm,mm,mm,159.29,159.3,433.39,0.0,25.24,25.25
265,1192.46,6161515.56,383081.99,-77894.78,6238173.34,459739.77,1237.0,15000,15000,0,0,15000,mm,mm,dir,159.29,159.3,433.39,0.0,25.41,25.42
266,1196.63,6164630.15,386196.58,-77894.78,6238173.34,459739.77,4351.59,22087,22087,0,0,22087,mm,mm,dir,159.3,159.33,433.39,0.0,25.58,25.59
267,1200.78,6167943.2,389509.63,-77894.78,6238173.34,459739.77,7664.64,22087,22087,0,0,22087,mm,mm,dir,159.3,159.35,433.39,0.0,25.74,25.75
268,1204.9,6171477.12,393043.55,-77894.78,6238173.34,459739.77,11198.56,22087,22087,0,0,22087,mm,mm,dir,159.31,159.44,433.39,0.0,25.91,25.92
269,1208.47,6175231.91,396798.34,-77894.78,6238173.34,459739.77,14953.35,22087,22087,0,0,22087,mm,mm,dir,159.34,159.35,433.39,0.0,26.06,26.07
270,1212.56,6178765.83,400332.26,-77894.78,6238173.34,459739.77,18487.27,22087,22087,0,0,22087,mm,mm,dir,159.33,159.34,433.39,0.0,26.22,26.23
271,1216.69,6182299.75,403866.18,-77894.78,6238173.34,459739.77,22021.19,22087,22087,0,0,22087,mm,mm,dir,159.27,159.34,433.39,0.0,26.39,26.4
272,1220.83,6185833.67,407400.1,-77894.78,6238173.34,459739.77,25555.11,22087,22087,0,0,22087,mm,mm,dir,159.3,159.32,433.39,0.0,26.55,26.56
273,1224.51,6189367.59,410934.02,-77894.78,6238173.34,459739.77,29089.03,22087,22087,0,0,22087,mm,mm,dir,159.32,159.33,433.39,0.0,26.7,26.71
274,1228.69,6194005.86,415572.29,-77894.78,6238173.34,459739.77,33727.3,22087,22087,0,0,22087,mm,mm,dir,159.3,159.31,433.39,0.0,26.92,26.93
275,1232.82,6197760.65,419327.08,-77894.78,6238173.34,459739.77,37482.09,22087,22087,0,0,22087,mm,mm,dir,159.3,159.32,435.98,0.0,27.09,27.1
276,1236.43,6197760.65,419327.08,-77894.78,6238173.34,459739.77,37482.09,22087,22087,0,0,22087,mm,mm,dir,159.3,159.31,435.98,0.0,27.23,27.24
277,1240.68,6204828.49,426394.92,-77894.78,6238173.34,459739.77,44549.93,22087,22087,0,0,22087,mm,mm,dir,159.39,159.42,435.98,0.0,27.41,27.42
278,1244.79,6208583.28,430149.71,-77894.78,6238173.34,459739.77,48304.72,22087,22087,0,0,22087,mm,mm,dir,159.52,159.54,435.98,0.0,27.58,27.59
279,1248.91,6212117.2,433683.63,-77894.78,6238173.34,459739.77,51838.64,22087,22087,0,0,22087,mm,mm,dir,159.54,159.55,433.4,0.0,27.74,27.75
280,1252.49,6215651.12,437217.55,-77894.78,6238173.34,459739.77,55372.56,22087,22087,0,0,22087,mm,mm,dir,159.56,159.57,433.4,0.0,27.89,27.9
281,1256.59,6219626.78,441193.21,-77894.78,6238173.34,459739.77,59348.22,22087,22087,0,0,22087,mm,mm,dir,159.58,159.59,433.4,0.0,28.07,28.08
282,1260.7,6223160.7,444727.13,-77894.78,6238173.34,459739.77,62882.14,22087,22087,0,0,22087,mm,mm,dir,159.55,159.58,433.4,0.0,28.23,28.24
283,1264.91,6226915.49,448481.92,-77894.78,6238173.34,459739.77,66636.93,22087,22087,0,0,22087,mm,mm,dir,159.57,159.58,433.4,0.0,28.42,28.43
284,1268.57,6230449.41,452015.84,-77894.78,6238173.34,459739.77,70170.85,22087,22087,0,0,22087,mm,mm,dir,159.57,159.58,433.4,0.0,28.56,28.57
285,1272.69,6233983.33,455549.76,-77894.78,6238173.34,459739.77,73704.77,22087,22087,0,0,22087,mm,mm,dir,159.59,159.6,433.4,0.0,28.73,28.74
286,1276.92,6237958.99,459525.42,-77894.78,6238173.34,459739.77,77680.43,22087,22087,0,0,22087,mm,mm,dir,159.61,159.62,433.4,0.0,28.91,28.92
287,1280.53,6241713.78,463280.21,-77894.78,6238173.34,459739.77,81435.22,22087,22087,0,0,22087,mm,mm,dir,159.65,159.66,433.4,0.0,29.07,29.08
288,1284.67,6245468.57,467035.0,-77894.78,6238173.34,459739.77,85190.01,22087,22087,0,0,22087,mm,mm,dir,159.7,159.71,433.4,0.0,29.24,29.25
289,1288.79,6249444.23,471010.66,-77894.78,6238173.34,459739.77,89165.67,22087,22087,0,0,22087,mm,mm,dir,159.71,159.76,433.4,0.0,29.43,29.44
290,1292.9,6253419.89,474986.32,-77894.78,6238173.34,459739.77,93141.33,22087,22087,0,0,22087,mm,mm,dir,159.77,159.78,433.4,0.0,29.61,29.62
291,1296.57,6257395.55,478961.98,-77894.78,6238173.34,459739.77,97116.99,22087,22087,0,0,22087,mm,mm,dir,159.75,159.82,433.4,0.0,29.78,29.79
292,1300.69,6261592.08,483158.51,-77894.78,6238173.34,459739.77,101313.52,22087,22087,0,0,22087,mm,mm,dir,159.82,159.85,433.4,0.0,29.97,29.98
293,1304.85,6265788.61,487355.04,-77894.78,6238173.34,459739.77,105510.05,22087,22087,0,0,22087,mm,mm,dir,159.76,159.86,433.4,0.0,30.16,30.17
294,1308.93,6269985.14,491551.57,-77894.78,6238173.34,459739.77,109706.58,22087,22087,0,0,22087,mm,mm,dir,159.79,159.91,433.4,0.0,30.36,30.37
295,1313.03,6274181.67,495748.1,-77894.78,6238173.34,459739.77,113903.11,22087,22087,0,0,22087,mm,mm,dir,159.69,159.81,433.4,0.0,30.58,30.59
296,1316.62,6278348.64,499915.07,-77894.78,6238173.34,459739.77,118070.08,2087,2087,0,0,2087,mm,mm,cut,159.67,159.93,434.69,0.0,30.85,30.86
297,1320.72,6278408.12,499974.55,-77894.78,6238173.34,459739.77,118129.56,0,0,0,0,0,mm,mm,mm,159.67,159.69,434.69,0.0,31.04,31.05
298,1324.82,6278408.12,499974.55,-77894.78,6238173.34,459739.77,118129.56,0,0,0,0,0,mm,mm,mm,159.6,160.02,436.01,0.0,31.3,31.31
299,1329.01,6278408.12,499974.55,-77894.78,6238173.34,459739.77,118129.56,0,0,0,0,0,mm,mm,mm,159.59,160.04,436.01,0.0,31.54,31.55
300,2200.77,6278408.12,499974.55,-77894.78,6238173.34,459739.77,118129.56,0,0,0,0,0,mm,mm,mm,159.59,160.04,436.01,0.0,31.54,31.55
