t,case_tick,RY_bid,RY_ask,RY_fair,RY_pos,RY_mode,RY_pnl,nlv_true,nlv_cf
995.375,215,114.35,114.4,112.255,22062,dir,284437.28,236194.83,236194.83
995.404,215,114.35,114.4,112.269,22062,dir,284437.28,236194.83,236194.83
995.419,215,114.35,114.4,112.277,22062,dir,284437.28,236194.83,236194.83
995.456,215,114.35,114.4,112.294,22062,dir,284437.28,236194.83,236194.83
995.581,215,114.42,114.43,112.357,22062,dir,284437.28,236194.83,236194.83
995.611,215,114.42,114.43,112.371,22062,dir,284437.28,236194.83,236194.83
995.631,215,114.42,114.43,112.381,22062,dir,284437.28,236194.83,236194.83
995.657,215,114.42,114.43,112.393,22062,dir,284437.28,236194.83,236194.83
995.677,215,114.42,114.43,112.403,22062,dir,284437.28,236194.83,236194.83
995.782,215,114.43,114.5,112.453,22062,dir,284437.28,236194.83,236194.83
995.807,215,114.43,114.5,112.465,22062,dir,284437.28,236194.83,236194.83
995.844,215,114.43,114.5,112.482,22062,dir,284437.28,236194.83,236194.83
995.877,215,114.43,114.5,112.498,22062,dir,284437.28,236194.83,236194.83
995.892,215,114.43,114.5,112.504,22062,dir,284437.28,236194.83,236194.83
995.914,215,114.43,114.5,112.514,22062,dir,284437.28,236194.83,236194.83
995.94,215,114.43,114.5,112.526,22062,dir,284437.28,236194.83,236194.83
996.001,215,114.5,114.76,112.526,22062,dir,284437.28,236194.83,236194.83
996.06,215,114.5,114.76,112.526,22062,dir,284437.28,236194.83,236194.83
996.078,215,114.5,114.76,112.526,22062,dir,284437.28,236194.83,236194.83
996.116,215,114.5,114.76,112.526,22062,dir,284437.28,236194.83,236194.83
996.133,215,114.5,114.76,112.526,22062,dir,284437.28,236194.83,236194.83
996.162,215,114.5,114.76,112.526,22062,dir,284437.28,236194.83,236194.83
996.186,215,114.5,114.76,112.526,22062,dir,284437.28,236194.83,236194.83
996.209,215,114.5,114.76,112.526,22062,dir,284437.28,236194.83,236194.83
996.308,215,114.78,114.87,112.58,22062,dir,284437.28,236194.83,236194.83
996.348,215,114.78,114.87,112.6,22062,dir,284437.28,236194.83,236194.83
996.379,215,114.78,114.87,112.616,22062,dir,284437.28,236194.83,236194.83
996.395,215,114.78,114.87,112.625,22062,dir,284437.28,236194.83,236194.83
996.42,215,114.78,114.87,112.638,22062,dir,284437.28,236194.83,236194.83
996.45,215,114.78,114.87,112.653,22062,dir,284437.28,236194.83,236194.83
996.531,215,114.87,114.88,112.695,22062,dir,284437.28,236194.83,236194.83
996.56,215,114.87,114.88,112.709,22062,dir,284437.28,236194.83,236194.83
996.593,215,114.87,114.88,112.727,22062,dir,284437.28,236194.83,236194.83
996.619,215,114.87,114.88,112.739,22062,dir,284437.28,236194.83,236194.83
996.65,215,114.87,114.88,112.755,22062,dir,284437.28,236194.83,236194.83
996.668,215,114.87,114.88,112.764,22062,dir,284437.28,236194.83,236194.83
996.692,215,114.87,114.88,112.776,22062,dir,284437.28,236194.83,236194.83
996.725,215,114.87,114.88,112.792,22062,dir,284437.28,236194.83,236194.83
996.753,215,114.88,115.05,112.792,22062,dir,284437.28,236194.83,236194.83
996.78,215,114.88,115.05,112.792,22062,dir,284437.28,236194.83,236194.83
996.797,215,114.88,115.05,112.792,22062,dir,284437.28,236194.83,236194.83
996.824,215,114.88,115.05,112.792,22062,dir,284437.28,236194.83,236194.83
996.852,215,114.88,115.05,112.792,22062,dir,284437.28,236194.83,236194.83
996.884,215,114.88,115.05,112.792,22062,dir,284437.28,236194.83,236194.83
996.902,215,114.88,115.05,112.792,22062,dir,284437.28,236194.83,236194.83
996.924,215,114.88,115.05,112.792,22062,dir,284437.28,236194.83,236194.83
996.953,215,114.88,115.05,112.792,22062,dir,284437.28,236194.83,236194.83
996.993,215,115.05,115.4,112.792,22062,dir,313779.74,265537.29,265537.29
997.025,215,115.05,115.41,112.792,22062,dir,313779.74,265537.29,265537.29
997.042,215,115.05,115.41,112.792,22062,dir,313779.74,265537.29,265537.29
997.099,215,115.05,115.41,112.792,22062,dir,313779.74,265537.29,265537.29
997.117,215,115.05,115.41,112.792,22062,dir,313779.74,265537.29,265537.29
997.16,215,115.05,115.41,112.792,22062,dir,313779.74,265537.29,265537.29
997.184,215,115.05,115.41,112.792,22062,dir,313779.74,265537.29,265537.29
997.207,215,115.05,115.41,112.792,22062,dir,313779.74,265537.29,265537.29
997.228,215,115.05,115.41,112.792,22062,dir,313779.74,265537.29,265537.29
997.304,215,115.43,115.6,112.792,22062,dir,313779.74,265537.29,265537.29
997.341,215,115.43,115.6,112.792,22062,dir,313779.74,265537.29,265537.29
997.377,216,115.43,115.6,112.792,22062,dir,313779.74,265537.29,265537.29
997.401,216,115.43,115.6,112.792,22062,dir,313779.74,265537.29,265537.29
997.417,216,115.43,115.6,112.792,22062,dir,313779.74,265537.29,265537.29
997.443,216,115.43,115.6,112.792,22062,dir,313779.74,265537.29,265537.29
997.465,216,115.43,115.6,112.792,22062,dir,313779.74,265537.29,265537.29
997.493,216,115.43,115.6,112.792,22062,dir,313779.74,265537.29,265537.29
997.523,216,115.6,115.62,112.811,22062,dir,313779.74,265537.29,265537.29
997.571,216,115.6,115.62,112.843,22062,dir,313779.74,265537.29,265537.29
997.592,216,115.6,115.62,112.857,22062,dir,313779.74,265537.29,265537.29
997.615,216,115.6,115.62,112.872,22062,dir,313779.74,265537.29,265537.29
997.646,216,115.6,115.62,112.892,22062,dir,313779.74,265537.29,265537.29
997.668,216,115.6,115.62,112.905,22062,dir,313779.74,265537.29,265537.29
997.693,216,115.6,115.62,112.922,22062,dir,313779.74,265537.29,265537.29
997.719,216,115.6,115.62,112.938,22062,dir,313779.74,265537.29,265537.29
997.747,216,115.6,115.62,112.956,22062,dir,313779.74,265537.29,265537.29
997.812,216,115.62,115.71,112.996,22062,dir,313779.74,265537.29,265537.29
997.873,216,115.62,115.71,113.034,22062,dir,313779.74,265537.29,265537.29
997.893,216,115.62,115.71,113.047,22062,dir,313779.74,265537.29,265537.29
997.922,216,115.62,115.71,113.064,22062,dir,313779.74,265537.29,265537.29
997.941,216,115.62,115.71,113.076,22062,dir,313779.74,265537.29,265537.29
997.977,216,115.62,115.71,113.097,22062,dir,313779.74,265537.29,265537.29
997.993,216,115.62,115.71,113.108,22062,dir,313779.74,265537.29,265537.29
998.042,216,115.71,115.85,113.108,22062,dir,313779.74,265537.29,265537.29
998.074,216,115.71,115.85,113.108,22062,dir,313779.74,265537.29,265537.29
998.103,216,115.71,115.85,113.108,22062,dir,313779.74,265537.29,265537.29
998.122,216,115.71,115.85,113.108,22062,dir,313779.74,265537.29,265537.29
998.143,216,115.71,115.85,113.108,22062,dir,313779.74,265537.29,265537.29
998.166,216,115.71,115.85,113.108,22062,dir,313779.74,265537.29,265537.29
998.196,216,115.71,115.85,113.108,22062,dir,313779.74,265537.29,265537.29
998.221,216,115.71,115.85,113.108,22062,dir,313779.74,265537.29,265537.29
998.247,216,115.71,115.85,113.108,22062,dir,313779.74,265537.29,265537.29
998.317,216,115.87,115.9,113.153,22062,dir,313779.74,265537.29,265537.29
998.347,216,115.87,115.9,113.172,22062,dir,313779.74,265537.29,265537.29
998.364,216,115.87,115.9,113.182,22062,dir,313779.74,265537.29,265537.29
998.4,216,115.87,115.9,113.206,22062,dir,313779.74,265537.29,265537.29
998.418,216,115.87,115.9,113.217,22062,dir,313779.74,265537.29,265537.29
998.446,216,115.87,115.9,113.234,22062,dir,313779.74,265537.29,265537.29
998.473,216,115.87,115.9,113.251,22062,dir,313779.74,265537.29,265537.29
998.493,216,115.87,115.9,113.264,22062,dir,313779.74,265537.29,265537.29
998.548,216,115.9,115.93,113.298,22062,dir,313779.74,265537.29,265537.29
998.579,216,115.9,115.93,113.317,22062,dir,313779.74,265537.29,265537.29
998.598,216,115.9,115.93,113.329,22062,dir,313779.74,265537.29,265537.29
998.625,216,115.9,115.93,113.345,22062,dir,313779.74,265537.29,265537.29
998.651,216,115.9,115.93,113.361,22062,dir,313779.74,265537.29,265537.29
998.679,216,115.9,115.93,113.377,22062,dir,313779.74,265537.29,265537.29
998.694,216,115.9,115.93,113.386,22062,dir,313779.74,265537.29,265537.29
998.719,216,115.9,115.93,113.401,22062,dir,313779.74,265537.29,265537.29
998.748,216,115.9,115.93,113.418,22062,dir,313779.74,265537.29,265537.29
998.868,216,115.93,116.09,113.418,22062,dir,313779.74,265537.29,265537.29
998.883,216,115.93,116.09,113.418,22062,dir,313779.74,265537.29,265537.29
998.925,216,115.93,116.09,113.418,22062,dir,313779.74,265537.29,265537.29
998.942,216,115.93,116.09,113.418,22062,dir,313779.74,265537.29,265537.29
998.97,216,115.93,116.09,113.418,22062,dir,313779.74,265537.29,265537.29
998.993,216,115.93,116.09,113.418,22062,dir,313779.74,265537.29,265537.29
999.064,216,116.09,116.14,113.462,22062,dir,313779.74,265537.29,265537.29
999.119,216,116.09,116.14,113.497,22062,dir,313779.74,265537.29,265537.29
999.141,216,116.09,116.14,113.511,22062,dir,313779.74,265537.29,265537.29
999.167,216,116.09,116.14,113.527,22062,dir,313779.74,265537.29,265537.29
999.203,216,116.09,116.14,113.548,22062,dir,313779.74,265537.29,265537.29
999.218,216,116.09,116.14,113.558,22062,dir,313779.74,265537.29,265537.29
999.246,216,116.09,116.14,113.574,22062,dir,313779.74,265537.29,265537.29
999.35,216,116.14,116.22,113.637,22062,dir,313779.74,265537.29,265537.29
999.392,216,116.14,116.22,113.662,22062,dir,313779.74,265537.29,265537.29
999.416,216,116.14,116.22,113.676,22062,dir,313779.74,265537.29,265537.29
999.445,216,116.14,116.22,113.694,22062,dir,313779.74,265537.29,265537.29
999.464,216,116.14,116.22,113.704,22062,dir,313779.74,265537.29,265537.29
999.49,216,116.14,116.22,113.719,22062,dir,313779.74,265537.29,265537.29
999.537,216,116.24,116.37,113.719,22062,dir,313779.74,265537.29,265537.29
999.573,216,116.24,116.37,113.719,22062,dir,313779.74,265537.29,265537.29
999.59,216,116.24,116.37,113.719,22062,dir,313779.74,265537.29,265537.29
999.615,216,116.24,116.37,113.719,22062,dir,313779.74,265537.29,265537.29
999.636,216,116.24,116.37,113.719,22062,dir,313779.74,265537.29,265537.29
999.664,216,116.24,116.37,113.719,22062,dir,313779.74,265537.29,265537.29
999.695,216,116.24,116.37,113.719,22062,dir,313779.74,265537.29,265537.29
999.715,216,116.24,116.37,113.719,22062,dir,313779.74,265537.29,265537.29
999.739,216,116.24,116.37,113.719,22062,dir,313779.74,265537.29,265537.29
999.767,216,116.24,116.37,113.719,22062,dir,313779.74,265537.29,265537.29
999.933,216,116.37,116.65,113.719,22062,dir,313779.74,265537.29,265537.29
999.952,216,116.37,116.65,113.719,22062,dir,313779.74,265537.29,265537.29
999.989,216,116.37,116.65,113.719,22062,dir,313779.74,265537.29,265537.29
1000.005,216,116.37,116.65,113.719,22062,dir,313779.74,265537.29,265537.29
1000.053,216,116.67,116.8,113.719,22062,dir,313779.74,265537.29,265537.29
1000.078,216,116.67,116.8,113.719,22062,dir,313779.74,265537.29,265537.29
1000.094,216,116.67,116.8,113.719,22062,dir,313779.74,265537.29,265537.29
1000.117,216,116.67,116.8,113.719,22062,dir,313779.74,265537.29,265537.29
1000.144,216,116.67,116.8,113.719,22062,dir,313779.74,265537.29,265537.29
1000.169,216,116.67,116.8,113.719,22062,dir,313779.74,265537.29,265537.29
1000.2,216,116.67,116.8,113.719,22062,dir,313779.74,265537.29,265537.29
1000.222,216,116.67,116.8,113.719,22062,dir,313779.74,265537.29,265537.29
1000.247,216,116.67,116.8,113.719,22062,dir,313779.74,265537.29,265537.29
1000.272,216,116.67,116.8,113.719,22062,dir,313779.74,265537.29,265537.29
1000.338,216,116.8,116.85,113.766,22062,dir,313779.74,265537.29,265537.29
1000.36,216,116.8,116.85,113.783,22062,dir,313779.74,265537.29,265537.29
1000.377,216,116.8,116.85,113.795,22062,dir,313779.74,265537.29,265537.29
1000.402,216,116.8,116.85,113.813,22062,dir,313779.74,265537.29,265537.29
1000.426,216,116.8,116.85,113.83,22062,dir,313779.74,265537.29,265537.29
1000.469,216,116.8,116.85,113.859,22062,dir,313779.74,265537.29,265537.29
1000.483,216,116.8,116.85,113.87,22062,dir,313779.74,265537.29,265537.29
1000.505,216,116.8,116.85,113.885,22062,dir,313779.74,265537.29,265537.29
1000.593,216,116.85,117.05,113.885,22062,dir,313779.74,265537.29,265537.29
1000.619,216,116.85,117.05,113.885,22062,dir,313779.74,265537.29,265537.29
1000.664,216,116.85,117.05,113.885,22062,dir,313779.74,265537.29,265537.29
1000.686,216,116.85,117.05,113.885,22062,dir,313779.74,265537.29,265537.29
1000.714,216,116.85,117.05,113.885,22062,dir,313779.74,265537.29,265537.29
1000.741,216,116.85,117.05,113.885,22062,dir,313779.74,265537.29,265537.29
1000.764,216,116.85,117.05,113.885,22062,dir,313779.74,265537.29,265537.29
1000.865,216,117.07,117.78,113.885,22062,dir,313779.74,265537.29,265537.29
1000.907,216,117.07,117.78,113.885,22062,dir,313779.74,265537.29,265537.29
1000.936,216,117.07,117.78,113.885,22062,dir,313779.74,265537.29,265537.29
1000.959,216,117.07,117.78,113.885,22062,dir,313779.74,265537.29,265537.29
1000.994,216,117.78,117.89,113.917,22062,dir,374009.0,325766.55,325766.55
1001.037,216,117.78,117.89,113.957,22062,dir,374009.0,325766.55,325766.55
1001.065,216,117.89,118.02,113.957,22062,dir,374009.0,325766.55,325766.55
1001.085,216,117.89,118.02,113.957,22062,dir,374009.0,325766.55,325766.55
1001.111,216,117.89,118.02,113.957,22062,dir,374009.0,325766.55,325766.55
1001.129,216,117.89,118.02,113.957,22062,dir,374009.0,325766.55,325766.55
1001.153,216,117.89,118.02,113.957,22062,dir,374009.0,325766.55,325766.55
1001.181,216,117.89,118.02,113.957,22062,dir,374009.0,325766.55,325766.55
1001.205,216,117.89,118.02,113.957,22062,dir,374009.0,325766.55,325766.55
1001.233,216,117.89,118.02,113.957,22062,dir,374009.0,325766.55,325766.55
1001.26,216,117.89,118.02,113.957,22062,dir,374009.0,325766.55,325766.55
1001.283,216,117.89,118.02,113.957,22062,dir,374009.0,325766.55,325766.55
1001.358,216,118.02,118.22,113.957,22062,dir,374009.0,325766.55,325766.55
1001.384,216,118.02,118.22,113.957,22062,dir,374009.0,325766.55,325766.55
1001.418,216,118.02,118.22,113.957,22062,dir,374009.0,325766.55,325766.55
1001.433,216,118.02,118.22,113.957,22062,dir,374009.0,325766.55,325766.55
1001.457,216,118.02,118.22,113.957,22062,dir,374009.0,325766.55,325766.55
1001.485,217,118.02,118.22,113.957,22062,dir,374009.0,325766.55,325766.55
1001.516,217,118.02,118.22,113.957,22062,dir,374009.0,325766.55,325766.55
1001.533,217,118.02,118.22,113.957,22062,dir,374009.0,325766.55,325766.55
1001.648,217,118.24,118.88,113.957,22062,dir,374009.0,325766.55,325766.55
1001.673,217,118.24,118.88,113.957,22062,dir,374009.0,325766.55,325766.55
1001.69,217,118.24,118.88,113.957,22062,dir,374009.0,325766.55,325766.55
1001.719,217,118.24,118.88,113.957,22062,dir,374009.0,325766.55,325766.55
1001.737,217,118.24,118.88,113.957,22062,dir,374009.0,325766.55,325766.55
1001.762,217,118.24,118.88,113.957,22062,dir,374009.0,325766.55,325766.55
1001.788,217,118.24,118.88,113.957,22062,dir,374009.0,325766.55,325766.55
1001.874,217,118.88,119.23,113.957,22062,dir,374009.0,325766.55,325766.55
1001.893,217,118.88,119.23,113.957,22062,dir,374009.0,325766.55,325766.55
1001.927,217,118.88,119.23,113.957,22062,dir,374009.0,325766.55,325766.55
1001.953,217,118.88,119.23,113.957,22062,dir,374009.0,325766.55,325766.55
1001.967,217,118.88,119.23,113.957,22062,dir,374009.0,325766.55,325766.55
1001.996,217,118.88,119.23,113.957,22062,dir,374009.0,325766.55,325766.55
1002.031,217,118.88,119.23,113.957,22062,dir,374009.0,325766.55,325766.55
1002.046,217,118.88,119.23,113.957,22062,dir,374009.0,325766.55,325766.55
1002.086,217,119.25,119.92,113.957,22062,dir,374009.0,325761.91,325761.91
1002.148,217,119.25,119.92,113.957,22062,dir,374009.0,325761.91,325761.91
1002.161,217,119.25,119.92,113.957,22062,dir,374009.0,325761.91,325761.91
1002.187,217,119.25,119.92,113.957,22062,dir,374009.0,325761.91,325761.91
1002.211,217,119.25,119.92,113.957,22062,dir,374009.0,325761.91,325761.91
1002.237,217,119.25,119.92,113.957,22062,dir,374009.0,325761.91,325761.91
1002.267,217,119.25,119.92,113.957,22062,dir,374009.0,325761.91,325761.91
1002.295,217,119.25,119.92,113.957,22062,dir,374009.0,325761.91,325761.91
1002.373,217,119.92,121.06,113.957,22062,dir,374009.0,325763.82,325763.82
1002.399,217,119.92,121.06,113.957,22062,dir,374009.0,325763.82,325763.82
1002.417,217,119.92,121.06,113.957,22062,dir,374009.0,325763.82,325763.82
1002.442,217,119.92,121.06,113.957,22062,dir,374009.0,325763.82,325763.82
1002.462,217,119.92,121.06,113.957,22062,dir,374009.0,325763.82,325763.82
1002.488,217,119.92,121.06,113.957,22062,dir,374009.0,325763.82,325763.82
1002.52,217,119.92,121.06,113.957,22062,dir,374009.0,325763.82,325763.82
1002.545,217,119.92,121.06,113.957,22062,dir,374009.0,325763.82,325763.82
1002.605,217,119.92,121.06,113.957,22062,dir,374009.0,325763.82,325763.82
1002.631,217,121.08,121.12,114.0,22062,dir,374009.0,325763.82,325763.82
1002.647,217,121.08,121.12,114.027,22062,dir,374009.0,325763.82,325763.82
1002.683,217,121.08,121.12,114.085,22062,dir,374009.0,325763.82,325763.82
1002.695,217,121.08,121.12,114.106,22062,dir,374009.0,325763.82,325763.82
1002.721,217,121.08,121.12,114.149,22062,dir,374009.0,325763.82,325763.82
1002.746,217,121.08,121.12,114.19,22062,dir,374009.0,325763.82,325763.82
1002.771,217,121.08,121.12,114.229,22062,dir,374009.0,325763.82,325763.82
1002.805,217,121.08,121.12,114.285,22062,dir,374009.0,325763.82,325763.82
1002.823,217,121.08,121.12,114.313,22062,dir,374009.0,325763.82,325763.82
1002.859,217,121.12,123.23,114.313,22062,dir,374009.0,325763.82,325763.82
1002.888,217,121.12,123.23,114.313,22062,dir,374009.0,325763.82,325763.82
1002.912,217,121.12,123.23,114.313,22062,dir,374009.0,325763.82,325763.82
1002.94,217,121.12,123.23,114.313,22062,dir,374009.0,325763.82,325763.82
1002.962,217,121.12,123.23,114.313,22062,dir,374009.0,325763.82,325763.82
1002.979,217,121.12,123.23,114.313,22062,dir,374009.0,325763.82,325763.82
1003.003,217,121.12,123.23,114.313,22062,dir,374009.0,325763.82,325763.82
1003.041,217,121.12,123.23,114.313,22062,dir,374009.0,325763.82,325763.82
1003.055,217,121.12,123.23,114.313,22062,dir,374009.0,325763.82,325763.82
1003.135,217,123.25,144.99,114.313,22062,dir,374009.0,325763.82,325763.82
1003.154,217,123.25,144.99,114.313,22062,dir,374009.0,325763.82,325763.82
1003.179,217,123.25,144.99,114.313,22062,dir,374009.0,325763.82,325763.82
1003.198,217,123.25,144.99,114.313,22062,dir,374009.0,325763.82,325763.82
1003.223,217,123.25,144.99,114.313,22062,dir,374009.0,325763.82,325763.82
1003.254,217,123.25,144.99,114.313,22062,dir,374009.0,325763.82,325763.82
1003.273,217,123.25,144.99,114.313,22062,dir,374009.0,325763.82,325763.82
1003.308,217,123.25,144.99,114.313,22062,dir,374009.0,325763.82,325763.82
1003.328,217,123.25,144.99,114.313,22062,dir,374009.0,325763.82,325763.82
1003.363,217,144.99,177.67,114.313,22062,dir,374009.0,325763.82,398926.405
1003.389,217,144.99,177.67,114.313,22062,dir,374009.0,325763.82,398926.405
1003.406,217,144.99,177.67,114.313,22062,dir,374009.0,325763.82,398926.405
1003.43,217,144.99,177.67,114.313,22062,dir,374009.0,325763.82,398926.405
1003.454,217,144.99,177.67,114.313,22062,dir,374009.0,325763.82,398926.405
1003.479,217,144.99,177.67,114.313,22062,dir,374009.0,325763.82,398926.405
1003.505,217,144.99,177.67,114.313,22062,dir,374009.0,325763.82,398926.405
1003.546,217,144.99,177.67,114.313,22062,dir,374009.0,325763.82,398926.405
1003.565,217,144.99,177.67,114.313,22062,dir,374009.0,325763.82,398926.405
1003.586,217,144.99,177.67,114.313,22062,dir,374009.0,325763.82,398926.405
1003.64,217,177.69,238.56,114.313,22062,dir,374009.0,325763.82,398926.405
1003.667,217,177.69,238.56,114.313,22062,dir,374009.0,325763.82,398926.405
1003.682,217,177.69,238.56,114.313,22062,dir,374009.0,325763.82,398926.405
1003.71,217,177.69,238.56,114.313,22062,dir,374009.0,325763.82,398926.405
1003.73,217,177.69,238.56,114.313,22062,dir,374009.0,325763.82,398926.405
1003.756,217,177.69,238.56,114.313,22062,dir,374009.0,325763.82,398926.405
1003.781,217,177.69,238.56,114.313,22062,dir,374009.0,325763.82,398926.405
1003.811,217,177.69,238.56,114.313,22062,dir,374009.0,325763.82,398926.405
1003.831,217,177.69,238.56,114.313,22062,dir,374009.0,325763.82,398926.405
1003.908,217,238.56,345.86,114.313,22062,dir,374009.0,325763.82,398926.405
1003.925,217,238.56,345.86,114.313,22062,dir,374009.0,325763.82,398926.405
1003.954,217,238.56,345.86,114.313,22062,dir,374009.0,325763.82,398926.405
1003.971,217,238.56,345.86,114.313,22062,dir,374009.0,325763.82,398926.405
1003.994,217,238.56,345.86,114.313,22062,dir,374009.0,325763.82,398926.405
1004.024,217,238.56,345.86,114.313,22062,dir,374009.0,325763.82,398926.405
1004.052,217,238.56,345.86,114.313,22062,dir,374009.0,325763.82,398926.405
1004.08,217,238.56,345.86,114.313,22062,dir,374009.0,325763.82,398926.405
1004.153,217,345.88,0.0,114.313,22062,cut,374009.0,325763.82,398926.405
1004.183,217,345.88,0.0,114.313,22062,cut,374009.0,325763.82,398926.405
1004.21,217,345.88,0.0,114.313,22062,cut,374009.0,325763.82,398926.405
1004.226,217,345.88,0.0,114.313,22062,cut,374009.0,325763.82,398926.405
1004.251,217,345.88,0.0,114.313,22062,cut,374009.0,325763.82,398926.405
1004.277,217,345.88,0.0,114.313,22062,cut,374009.0,325763.82,398926.405
1004.303,217,345.88,0.0,114.313,22062,cut,374009.0,325763.82,398926.405
1004.332,217,345.88,0.0,114.313,22062,cut,374009.0,325763.82,398926.405
1004.363,217,345.88,0.0,114.313,22062,cut,374009.0,325763.82,398926.405
1004.433,217,345.88,0.0,114.313,17062,cut,5406358.2,5358113.02,398926.405
1004.475,217,345.88,0.0,114.313,17062,cut,5406358.2,5358113.02,398926.405
1004.504,217,345.88,0.0,114.313,17062,cut,5406358.2,5358113.02,398926.405
1004.523,217,345.88,0.0,114.313,17062,cut,5406358.2,5358113.02,398926.405
1004.546,217,345.88,0.0,114.313,17062,cut,5406358.2,5358113.02,398926.405
1004.583,217,345.88,0.0,114.313,17062,cut,5406358.2,5358113.02,398926.405
1004.597,217,345.88,0.0,114.313,17062,cut,5406358.2,5358113.02,398926.405
1004.666,217,345.88,0.0,114.313,17062,cut,5406358.2,5358114.78,398928.165
1004.748,217,345.88,0.0,114.313,17062,cut,5406358.2,5358114.78,398928.165
1004.769,217,345.88,0.0,114.313,17062,cut,5406358.2,5358114.78,398928.165
1004.794,217,345.88,0.0,114.313,17062,cut,5406358.2,5358114.78,398928.165
1004.83,217,345.88,0.0,114.313,17062,cut,5406358.2,5358114.78,398928.165
1004.843,217,345.88,0.0,114.313,17062,cut,5406358.2,5358114.78,398928.165
1004.903,217,345.86,0.0,114.313,17062,cut,5406358.2,5358135.17,398948.555
1004.926,217,345.86,0.0,114.313,17062,cut,5406358.2,5358135.17,398948.555
1004.944,217,345.86,0.0,114.313,17062,cut,5406358.2,5358135.17,398948.555
1004.983,217,345.86,0.0,114.313,17062,cut,5406016.96,5357793.93,398948.555
1005.001,217,345.86,0.0,114.313,17062,cut,5406016.96,5357793.93,398948.555
1005.033,217,345.86,0.0,114.313,17062,cut,5406016.96,5357793.93,398948.555
1005.049,217,345.86,0.0,114.313,17062,cut,5406016.96,5357793.93,398948.555
1005.074,217,345.86,0.0,114.313,17062,cut,5406016.96,5357793.93,398948.555
1005.105,218,345.86,0.0,114.313,17062,cut,5406016.96,5357793.93,398948.555
1005.125,218,345.86,0.0,114.313,17062,cut,5406016.96,5357793.93,398948.555
1005.197,218,345.86,373.75,114.313,17062,cut,5406016.96,5357793.93,398948.555
1005.227,218,345.86,373.75,114.313,17062,cut,5406016.96,5357793.93,398948.555
1005.25,218,345.86,373.75,114.313,17062,cut,5406016.96,5357793.93,398948.555
1005.275,218,345.86,373.75,114.313,17062,cut,5406016.96,5357793.93,398948.555
1005.299,218,345.86,373.75,114.313,17062,cut,5406016.96,5357793.93,398948.555
1005.326,218,345.86,373.75,114.313,17062,cut,5406016.96,5357793.93,398948.555
1005.349,218,345.86,373.75,114.313,17062,cut,5406016.96,5357793.93,398948.555
1005.442,218,345.86,373.75,114.313,12062,cut,5881883.14,5833660.11,398948.555
1005.484,218,373.75,0.0,114.313,12062,cut,5881883.14,5833660.11,398948.555
1005.508,218,373.75,0.0,114.313,12062,cut,5881883.14,5833660.11,398948.555
1005.53,218,373.75,0.0,114.313,12062,cut,5881883.14,5833660.11,398948.555
1005.556,218,373.75,0.0,114.313,12062,cut,5881883.14,5833660.11,398948.555
1005.59,218,373.75,0.0,114.313,12062,cut,5881883.14,5833660.11,398948.555
1005.613,218,373.75,0.0,114.313,12062,cut,5881883.14,5833660.11,398948.555
1005.812,218,373.75,401.64,114.313,12062,cut,5881883.14,5833661.64,398950.085
1005.848,218,373.75,401.64,114.313,12062,cut,5881883.14,5833661.64,398950.085
1005.868,218,373.75,401.64,114.313,12062,cut,5881883.14,5833661.64,398950.085
1005.893,218,373.75,401.64,114.313,12062,cut,5881883.14,5833661.64,398950.085
1006.031,218,401.66,0.0,114.313,12062,cut,5881883.14,5833653.55,398941.995
1006.053,218,401.66,0.0,114.313,12062,cut,5881883.14,5833653.55,398941.995
1006.077,218,401.66,0.0,114.313,12062,cut,5881883.14,5833653.55,398941.995
1006.109,218,401.66,0.0,114.313,12062,cut,5881883.14,5833653.55,398941.995
1006.132,218,401.66,0.0,114.313,12062,cut,5881883.14,5833653.55,398941.995
1006.243,218,401.66,0.0,114.313,12062,cut,5881883.14,5833838.36,399126.805
1006.284,218,401.66,0.0,114.313,12062,cut,5881883.14,5833838.36,399126.805
1006.313,218,401.66,0.0,114.313,12062,cut,5881883.14,5833838.36,399126.805
1006.332,218,401.66,0.0,114.313,12062,cut,5881883.14,5833838.36,399126.805
1006.364,218,401.66,0.0,114.313,12062,cut,5881883.14,5833838.36,399126.805
1006.382,218,401.66,0.0,114.313,12062,cut,5881883.14,5833838.36,399126.805
1006.465,218,401.66,0.0,114.313,7062,cut,6218540.56,6170479.58,399110.605
1006.523,218,401.66,0.0,114.313,7062,cut,6218540.56,6170479.58,399110.605
1006.542,218,401.66,0.0,114.313,7062,cut,6218540.56,6170479.58,399110.605
1006.568,218,401.66,0.0,114.313,7062,cut,6218540.56,6170479.58,399110.605
1006.597,218,401.66,0.0,114.313,7062,cut,6218540.56,6170479.58,399110.605
1006.625,218,401.66,0.0,114.313,7062,cut,6218540.56,6170479.58,399110.605
1006.647,218,401.66,0.0,114.313,7062,cut,6218540.56,6170479.58,399110.605
1006.716,218,401.66,0.0,114.313,7062,cut,6218540.56,6170575.54,399206.565
1006.763,218,401.66,0.0,114.313,7062,cut,6218540.56,6170575.54,399206.565
1006.776,218,401.66,0.0,114.313,7062,cut,6218540.56,6170575.54,399206.565
1006.802,218,401.66,0.0,114.313,7062,cut,6218540.56,6170575.54,399206.565
1006.828,218,401.66,0.0,114.313,7062,cut,6218540.56,6170575.54,399206.565
1006.857,218,401.66,0.0,114.313,7062,cut,6218540.56,6170575.54,399206.565
1006.88,218,401.66,0.0,114.313,7062,cut,6218540.56,6170575.54,399206.565
1006.905,218,401.66,0.0,114.313,7062,cut,6218540.56,6170575.54,399206.565
1006.954,218,401.66,0.0,114.313,7062,cut,6218540.56,6170587.09,399218.115
1006.988,218,401.66,0.0,114.313,7062,cut,6218540.56,6170587.09,399218.115
1007.014,218,401.66,0.0,114.313,7062,cut,6218540.56,6170587.09,399218.115
1007.035,218,401.66,0.0,114.313,7062,cut,6218540.56,6170587.09,399218.115
1007.058,218,401.66,0.0,114.313,7062,cut,6218540.56,6170587.09,399218.115
1007.085,218,401.66,0.0,114.313,7062,cut,6218540.56,6170587.09,399218.115
1007.115,218,401.66,0.0,114.313,7062,cut,6218540.56,6170587.09,399218.115
1007.137,218,401.66,0.0,114.313,7062,cut,6218540.56,6170587.09,399218.115
1007.211,218,401.66,0.0,114.313,7062,cut,6218540.56,6170597.79,399228.815
1007.256,218,401.66,0.0,114.313,7062,cut,6218540.56,6170597.79,399228.815
1007.279,218,401.66,0.0,114.313,7062,cut,6218540.56,6170597.79,399228.815
1007.305,218,401.66,0.0,114.313,7062,cut,6218540.56,6170597.79,399228.815
1007.331,218,401.66,0.0,114.313,7062,cut,6218540.56,6170597.79,399228.815
1007.358,218,401.66,0.0,114.313,7062,cut,6218540.56,6170597.79,399228.815
1007.393,218,401.66,0.0,114.313,7062,cut,6218540.56,6170597.79,399228.815
1007.409,218,401.66,0.0,114.313,7062,cut,6218540.56,6170597.79,399228.815
1007.51,218,401.64,0.0,114.313,2062,cut,6218406.32,6170417.82,399183.085
1007.53,218,401.64,0.0,114.313,2062,cut,6218406.32,6170417.82,399183.085
1007.556,218,401.64,0.0,114.313,2062,cut,6218406.32,6170417.82,399183.085
1007.573,218,401.64,0.0,114.313,2062,cut,6218406.32,6170417.82,399183.085
1007.598,218,401.64,0.0,114.313,2062,cut,6218406.32,6170417.82,399183.085
1007.629,218,401.64,0.0,114.313,2062,cut,6218406.32,6170417.82,399183.085
1007.65,218,401.64,0.0,114.313,2062,cut,6218406.32,6170417.82,399183.085
1007.701,218,401.64,0.0,114.313,2062,cut,6218406.32,6170417.82,399183.085
1007.715,218,401.64,0.0,114.313,2062,cut,6218406.32,6170417.82,399183.085
1007.743,218,401.64,0.0,114.313,2062,cut,6218406.32,6170417.82,399183.085
1007.77,218,401.64,0.0,114.313,2062,cut,6218406.32,6170417.82,399183.085
1007.797,218,401.64,0.0,114.313,2062,cut,6218406.32,6170417.82,399183.085
1007.817,218,401.64,0.0,114.313,2062,cut,6218406.32,6170417.82,399183.085
1007.842,218,401.64,0.0,114.313,2062,cut,6218406.32,6170417.82,399183.085
1007.867,218,401.64,0.0,114.313,2062,cut,6218406.32,6170417.82,399183.085
1007.893,218,401.64,0.0,114.313,2062,cut,6218406.32,6170417.82,399183.085
1007.919,218,401.64,0.0,114.313,2062,cut,6218406.32,6170417.82,399183.085
1007.971,218,401.64,0.0,114.313,2062,cut,6218406.32,6170417.82,399183.085
1008.011,218,401.64,0.0,114.313,2062,cut,6218406.32,6170417.82,399183.085
1008.035,218,401.64,0.0,114.313,2062,cut,6218406.32,6170417.82,399183.085
1008.06,218,401.64,0.0,114.313,2062,cut,6218406.32,6170417.82,399183.085
1008.086,218,401.64,0.0,114.313,2062,cut,6218406.32,6170417.82,399183.085
1008.111,218,401.64,0.0,114.313,2062,cut,6218406.32,6170417.82,399183.085
1008.144,218,401.64,0.0,114.313,2062,cut,6218406.32,6170417.82,399183.085
1008.166,218,401.64,0.0,114.313,2062,cut,6218406.32,6170417.82,399183.085
1008.277,218,401.64,0.0,114.313,2062,cut,6218406.32,6170496.28,399261.545
1008.318,218,401.64,0.0,114.313,2062,cut,6218406.32,6170496.28,399261.545
1008.343,218,401.64,0.0,114.313,2062,cut,6218406.32,6170496.28,399261.545
1008.369,218,401.64,0.0,114.313,2062,cut,6218406.32,6170496.28,399261.545
1008.395,218,401.64,0.0,114.313,2062,cut,6218406.32,6170496.28,399261.545
1008.421,218,401.64,0.0,114.313,2062,cut,6218406.32,6170496.28,399261.545
1008.506,218,401.64,0.0,114.313,0,mm,6218409.21,6170466.76,399229.135
1008.543,218,401.64,0.0,114.313,0,mm,6218409.21,6170466.76,399229.135
1008.57,218,401.64,0.0,114.313,0,mm,6218409.21,6170466.76,399229.135
1008.592,218,401.64,0.0,114.313,0,mm,6218409.21,6170466.76,399229.135
1008.618,218,401.64,0.0,114.313,0,mm,6218409.21,6170466.76,399229.135
1008.645,218,401.64,0.0,114.313,0,mm,6218409.21,6170466.76,399229.135
1008.669,218,401.64,0.0,114.313,0,mm,6218409.21,6170466.76,399229.135
1008.761,218,401.64,0.0,114.313,0,mm,6218409.21,6170515.88,399278.255
1008.774,218,401.64,0.0,114.313,0,mm,6218409.21,6170515.88,399278.255
1008.8,218,401.64,0.0,114.313,0,mm,6218409.21,6170515.88,399278.255
1008.827,218,401.64,0.0,114.313,0,mm,6218409.21,6170515.88,399278.255
1008.849,218,401.64,0.0,114.313,0,mm,6218409.21,6170515.88,399278.255
1008.874,218,401.64,0.0,114.313,0,mm,6218409.21,6170515.88,399278.255
1008.908,218,401.64,0.0,114.313,0,mm,6218409.21,6170515.88,399278.255
1008.925,218,401.64,0.0,114.313,0,mm,6218409.21,6170515.88,399278.255
1008.952,218,401.64,0.0,114.313,0,mm,6218409.21,6170515.88,399278.255
1009.078,218,401.64,0.0,114.313,0,mm,6218409.21,6170595.98,399358.355
1009.11,218,401.64,0.0,114.313,0,mm,6218409.21,6170595.98,399358.355
1009.134,218,401.64,0.0,114.313,0,mm,6218409.21,6170595.98,399358.355
1009.157,218,401.64,0.0,114.313,0,mm,6218409.21,6170595.98,399358.355
1009.178,218,401.64,0.0,114.313,0,mm,6218409.21,6170595.98,399358.355
1009.295,219,401.64,0.0,114.313,0,mm,6218409.21,6170623.37,399385.745
1009.323,219,401.64,0.0,114.313,0,mm,6218409.21,6170623.37,399385.745
1009.345,219,401.64,0.0,114.313,0,mm,6218409.21,6170623.37,399385.745
1009.371,219,401.64,0.0,114.313,0,mm,6218409.21,6170623.37,399385.745
1009.397,219,401.64,0.0,114.313,0,mm,6218409.21,6170623.37,399385.745
1009.423,219,401.64,0.0,114.313,0,mm,6218409.21,6170623.37,399385.745
1009.448,219,401.64,0.0,114.313,0,mm,6218409.21,6170623.37,399385.745
1009.521,219,401.64,0.0,114.313,0,mm,6218409.21,6170625.35,399387.725
1009.566,219,401.64,0.0,114.313,0,mm,6218409.21,6170625.35,399387.725
1009.589,219,401.64,0.0,114.313,0,mm,6218409.21,6170625.35,399387.725
1009.618,219,401.64,0.0,114.313,0,mm,6218409.21,6170625.35,399387.725
1009.644,219,401.64,0.0,114.313,0,mm,6218409.21,6170625.35,399387.725
1009.678,219,401.64,0.0,114.313,0,mm,6218409.21,6170625.35,399387.725
1009.693,219,401.64,0.0,114.313,0,mm,6218409.21,6170625.35,399387.725
1009.789,219,401.64,0.0,114.313,0,mm,6218409.21,6170867.35,399629.725
1009.821,219,401.64,0.0,114.313,0,mm,6218409.21,6170867.35,399629.725
1009.847,219,401.64,0.0,114.313,0,mm,6218409.21,6170867.35,399629.725
1009.874,219,401.64,0.0,114.313,0,mm,6218409.21,6170867.35,399629.725
1009.899,219,401.64,0.0,114.313,0,mm,6218409.21,6170867.35,399629.725
1009.929,219,401.64,0.0,114.313,0,mm,6218409.21,6170867.35,399629.725
1009.955,219,401.64,0.0,114.313,0,mm,6218409.21,6170867.35,399629.725
1010.087,219,401.64,0.0,114.313,0,mm,6218409.21,6170843.92,399606.295
1010.117,219,401.64,0.0,114.313,0,mm,6218409.21,6170843.92,399606.295
1010.138,219,401.64,0.0,114.313,0,mm,6218409.21,6170843.92,399606.295
1010.173,219,401.64,0.0,114.313,0,mm,6218409.21,6170843.92,399606.295
1010.19,219,401.64,0.0,114.313,0,mm,6218409.21,6170843.92,399606.295
1010.242,219,401.64,0.0,114.313,0,mm,6218409.21,6170843.92,399606.295
1010.263,219,401.64,0.0,114.313,0,mm,6218409.21,6170815.5,399577.875
1010.289,219,401.64,0.0,114.313,0,mm,6218409.21,6170815.5,399577.875
1010.31,219,401.64,0.0,114.313,0,mm,6218409.21,6170815.5,399577.875
1010.336,219,401.64,0.0,114.313,0,mm,6218409.21,6170815.5,399577.875
1010.363,219,401.64,0.0,114.313,0,mm,6218409.21,6170815.5,399577.875
1010.391,219,401.64,0.0,114.313,0,mm,6218409.21,6170815.5,399577.875
1010.417,219,401.64,0.0,114.313,0,mm,6218409.21,6170815.5,399577.875
1010.44,219,401.64,0.0,114.313,0,mm,6218409.21,6170815.5,399577.875
1010.464,219,401.64,0.0,114.313,0,mm,6218409.21,6170815.5,399577.875
1010.525,219,401.64,0.0,114.313,0,mm,6218409.21,6170858.03,399620.405
1010.581,219,401.64,0.0,114.313,0,mm,6218409.21,6170858.03,399620.405
1010.596,219,401.64,0.0,114.313,0,mm,6218409.21,6170858.03,399620.405
1010.622,219,401.64,0.0,114.313,0,mm,6218409.21,6170858.03,399620.405
1010.65,219,401.64,0.0,114.313,0,mm,6218409.21,6170858.03,399620.405
1010.681,219,401.64,0.0,114.313,0,mm,6218409.21,6170858.03,399620.405
1010.699,219,401.64,0.0,114.313,0,mm,6218409.21,6170858.03,399620.405
1010.726,219,401.64,0.0,114.313,0,mm,6218409.21,6170858.03,399620.405
1010.842,219,401.64,0.0,114.313,0,mm,6218409.21,6170671.93,399434.305
1010.895,219,401.64,0.0,114.313,0,mm,6218409.21,6170671.93,399434.305
1010.915,219,401.64,0.0,114.313,0,mm,6218409.21,6170671.93,399434.305
1010.943,219,401.64,0.0,114.313,0,mm,6218409.21,6170671.93,399434.305
1010.967,219,401.64,0.0,114.313,0,mm,6218409.21,6170671.93,399434.305
1011.009,219,401.64,0.0,114.313,0,mm,6218409.21,6170687.47,399449.845
1011.025,219,401.64,0.0,114.313,0,mm,6218409.21,6170687.47,399449.845
1011.049,219,401.64,0.0,114.313,0,mm,6218409.21,6170687.47,399449.845
1011.075,219,401.64,0.0,114.313,0,mm,6218409.21,6170687.47,399449.845
1011.096,219,401.64,0.0,114.313,0,mm,6218409.21,6170687.47,399449.845
1011.126,219,401.64,0.0,114.313,0,mm,6218409.21,6170687.47,399449.845
1011.15,219,401.64,0.0,114.313,0,mm,6218409.21,6170687.47,399449.845
1011.176,219,401.64,0.0,114.313,0,mm,6218409.21,6170687.47,399449.845
1011.201,219,401.64,0.0,114.313,0,mm,6218409.21,6170687.47,399449.845
1011.239,219,401.64,0.0,114.313,0,mm,6218409.21,6170687.47,399449.845
1011.257,219,401.64,0.0,114.313,0,mm,6218409.21,6170687.47,399449.845
1011.288,219,401.64,0.0,114.313,0,mm,6218409.21,6170687.47,399449.845
1011.305,219,401.64,0.0,114.313,0,mm,6218409.21,6170687.47,399449.845
1011.333,219,401.64,0.0,114.313,0,mm,6218409.21,6170687.47,399449.845
1011.357,219,401.64,0.0,114.313,0,mm,6218409.21,6170687.47,399449.845
1011.382,219,401.64,0.0,114.313,0,mm,6218409.21,6170687.47,399449.845
1011.418,219,401.64,0.0,114.313,0,mm,6218409.21,6170687.47,399449.845
1011.442,219,401.64,0.0,114.313,0,mm,6218409.21,6170687.47,399449.845
1011.459,219,401.64,0.0,114.313,0,mm,6218409.21,6170687.47,399449.845
1011.534,219,401.64,0.0,114.313,0,mm,6218409.21,6170687.47,399449.845
1011.548,219,401.64,0.0,114.313,0,mm,6218409.21,6170687.47,399449.845
1011.572,219,401.64,0.0,114.313,0,mm,6218409.21,6170687.47,399449.845
1011.595,219,401.64,0.0,114.313,0,mm,6218409.21,6170687.47,399449.845
1011.621,219,401.64,0.0,114.313,0,mm,6218409.21,6170687.47,399449.845
1011.647,219,401.64,0.0,114.313,0,mm,6218409.21,6170687.47,399449.845
1011.673,219,401.64,0.0,114.313,0,mm,6218409.21,6170687.47,399449.845
1011.706,219,401.64,0.0,114.313,0,mm,6218409.21,6170687.47,399449.845
1011.726,219,401.64,0.0,114.313,0,mm,6218409.21,6170687.47,399449.845
1011.761,219,401.64,0.0,114.313,0,mm,6218409.21,6170687.47,399449.845
1011.787,219,401.64,0.0,114.313,0,mm,6218409.21,6170687.47,399449.845
1011.817,219,401.64,0.0,114.313,0,mm,6218409.21,6170687.47,399449.845
1011.843,219,401.64,0.0,114.313,0,mm,6218409.21,6170687.47,399449.845
1011.868,219,401.64,0.0,114.313,0,mm,6218409.21,6170687.47,399449.845
1011.894,219,401.64,0.0,114.313,0,mm,6218409.21,6170687.47,399449.845
1011.924,219,401.64,0.0,114.313,0,mm,6218409.21,6170687.47,399449.845
1011.952,219,401.64,0.0,114.313,0,mm,6218409.21,6170687.47,399449.845
1011.973,219,401.64,0.0,114.313,0,mm,6218409.21,6170687.47,399449.845
1011.999,219,401.64,0.0,114.313,0,mm,6218409.21,6170687.47,399449.845
1012.052,219,401.64,0.0,114.313,0,mm,6218409.21,6170671.45,399433.825
1012.1,219,401.64,0.0,114.313,0,mm,6218409.21,6170671.45,399433.825
1012.122,219,401.64,0.0,114.313,0,mm,6218409.21,6170671.45,399433.825
1012.149,219,401.64,0.0,114.313,0,mm,6218409.21,6170671.45,399433.825
1012.175,219,401.64,0.0,114.313,0,mm,6218409.21,6170671.45,399433.825
1012.211,219,401.64,0.0,114.313,0,mm,6218409.21,6170671.45,399433.825
1012.227,219,401.64,0.0,114.313,0,mm,6218409.21,6170671.45,399433.825
1012.252,219,401.64,0.0,114.313,0,mm,6218409.21,6170671.45,399433.825
1012.361,219,401.64,0.0,114.313,0,mm,6218409.21,6170730.16,399492.535
1012.405,219,401.64,0.0,114.313,0,mm,6218409.21,6170730.16,399492.535
1012.431,219,401.64,0.0,114.313,0,mm,6218409.21,6170730.16,399492.535
1012.452,219,401.64,0.0,114.313,0,mm,6218409.21,6170730.16,399492.535
1012.478,219,401.64,0.0,114.313,0,mm,6218409.21,6170730.16,399492.535
1012.503,219,401.64,0.0,114.313,0,mm,6218409.21,6170730.16,399492.535
1012.546,219,401.64,0.0,114.313,0,mm,6218409.21,6170630.71,399393.085
1012.581,219,401.64,0.0,114.313,0,mm,6218409.21,6170630.71,399393.085
1012.609,219,401.64,0.0,114.313,0,mm,6218409.21,6170630.71,399393.085
1012.626,219,401.64,0.0,114.313,0,mm,6218409.21,6170630.71,399393.085
1012.652,219,401.64,0.0,114.313,0,mm,6218409.21,6170630.71,399393.085
1012.678,219,401.64,0.0,114.313,0,mm,6218409.21,6170630.71,399393.085
1012.703,219,401.64,0.0,114.313,0,mm,6218409.21,6170630.71,399393.085
1012.73,219,401.64,0.0,114.313,0,mm,6218409.21,6170630.71,399393.085
1012.754,219,401.64,0.0,114.313,0,mm,6218409.21,6170630.71,399393.085
1012.785,219,401.64,0.0,114.313,0,mm,6218409.21,6170776.41,399538.785
1012.822,219,401.64,0.0,114.313,0,mm,6218409.21,6170776.41,399538.785
1012.846,219,401.64,0.0,114.313,0,mm,6218409.21,6170776.41,399538.785
1012.871,219,401.64,0.0,114.313,0,mm,6218409.21,6170776.41,399538.785
1012.894,219,401.64,0.0,114.313,0,mm,6218409.21,6170776.41,399538.785
1012.922,219,401.64,0.0,114.313,0,mm,6218409.21,6170776.41,399538.785
1012.955,219,401.64,0.0,114.313,0,mm,6218409.21,6170776.41,399538.785
1013.009,219,401.64,0.0,114.313,0,mm,6218409.21,6170785.68,399548.055
1013.023,219,401.64,0.0,114.313,0,mm,6218409.21,6170785.68,399548.055
1013.123,219,401.64,0.0,114.313,0,mm,6218409.21,6170789.59,399551.965
1013.159,219,401.64,0.0,114.313,0,mm,6218409.21,6170789.59,399551.965
1013.18,219,401.64,0.0,114.313,0,mm,6218409.21,6170789.59,399551.965
1013.205,219,401.64,0.0,114.313,0,mm,6218409.21,6170789.59,399551.965
1013.232,219,401.64,0.0,114.313,0,mm,6218409.21,6170789.59,399551.965
1013.257,219,401.64,0.0,114.313,0,mm,6218409.21,6170789.59,399551.965
1013.305,219,401.64,0.0,114.313,0,mm,6218409.21,6170789.59,399551.965
1013.321,219,401.64,0.0,114.313,0,mm,6218409.21,6170789.59,399551.965
1013.346,219,401.64,0.0,114.313,0,mm,6218409.21,6170789.59,399551.965
1013.369,219,401.64,0.0,114.313,0,mm,6218409.21,6170789.59,399551.965
1013.393,219,401.64,0.0,114.313,0,mm,6218409.21,6170789.59,399551.965
1013.418,219,401.64,0.0,114.313,0,mm,6218409.21,6170789.59,399551.965
1013.445,219,401.64,0.0,114.313,0,mm,6218409.21,6170789.59,399551.965
1013.476,220,401.64,0.0,114.313,0,mm,6218409.21,6170789.59,399551.965
1013.503,220,401.64,0.0,114.313,0,mm,6218409.21,6170789.59,399551.965
1013.522,220,401.64,0.0,114.313,0,mm,6218409.21,6170789.59,399551.965
1013.612,220,401.64,0.0,114.313,0,mm,6218409.21,6170811.73,399574.105
1013.655,220,401.64,0.0,114.313,0,mm,6218409.21,6170811.73,399574.105
1013.676,220,401.64,0.0,114.313,0,mm,6218409.21,6170811.73,399574.105
1013.702,220,401.64,0.0,114.313,0,mm,6218409.21,6170811.73,399574.105
1013.734,220,401.64,0.0,114.313,0,mm,6218409.21,6170811.73,399574.105
1013.753,220,401.64,0.0,114.313,0,mm,6218409.21,6170811.73,399574.105
1013.777,220,401.64,0.0,114.313,0,mm,6218409.21,6170811.73,399574.105
1013.818,220,401.64,0.0,114.313,0,mm,6218409.21,6170811.73,399574.105
1013.835,220,401.64,0.0,114.313,0,mm,6218409.21,6170811.73,399574.105
1013.863,220,401.64,0.0,114.313,0,mm,6218409.21,6170811.73,399574.105
1013.888,220,401.64,0.0,114.313,0,mm,6218409.21,6170811.73,399574.105
1013.91,220,401.64,0.0,114.313,0,mm,6218409.21,6170811.73,399574.105
1013.936,220,401.64,0.0,114.313,0,mm,6218409.21,6170811.73,399574.105
1013.96,220,401.64,0.0,114.313,0,mm,6218409.21,6170811.73,399574.105
1013.99,220,401.64,0.0,114.313,0,mm,6218409.21,6170811.73,399574.105
1014.01,220,401.64,0.0,114.313,0,mm,6218409.21,6170811.73,399574.105
1014.036,220,401.64,0.0,114.313,0,mm,6218409.21,6170811.73,399574.105
1014.072,220,401.64,0.0,114.313,0,mm,6218409.21,6170811.73,399574.105
1014.105,220,401.64,0.0,114.313,0,mm,6218409.21,6170811.73,399574.105
1014.125,220,401.64,0.0,114.313,0,mm,6218409.21,6170811.73,399574.105
1014.141,220,401.64,0.0,114.313,0,mm,6218409.21,6170811.73,399574.105
1014.168,220,401.64,0.0,114.313,0,mm,6218409.21,6170811.73,399574.105
1014.195,220,401.64,0.0,114.313,0,mm,6218409.21,6170811.73,399574.105
1014.228,220,401.64,0.0,114.313,0,mm,6218409.21,6170811.73,399574.105
1014.247,220,401.64,0.0,114.313,0,mm,6218409.21,6170811.73,399574.105
1014.273,220,401.64,0.0,114.313,0,mm,6218409.21,6170811.73,399574.105
1014.299,220,401.64,0.0,114.313,0,mm,6218409.21,6170811.73,399574.105
1014.39,220,401.64,0.0,114.313,0,mm,6218409.21,6170814.68,399577.055
1014.429,220,401.64,0.0,114.313,0,mm,6218409.21,6170814.68,399577.055
1014.453,220,401.64,0.0,114.313,0,mm,6218409.21,6170814.68,399577.055
1014.483,220,401.64,0.0,114.313,0,mm,6218409.21,6170814.68,399577.055
1014.507,220,401.64,0.0,114.313,0,mm,6218409.21,6170814.68,399577.055
1014.529,220,401.64,0.0,114.313,0,mm,6218409.21,6170814.68,399577.055
1014.557,220,401.64,0.0,114.313,0,mm,6218409.21,6170814.68,399577.055
1014.581,220,401.64,0.0,114.313,0,mm,6218409.21,6170814.68,399577.055
1014.644,220,401.64,0.0,114.313,0,mm,6218409.21,6170808.88,399571.255
1014.693,220,401.64,0.0,114.313,0,mm,6218409.21,6170808.88,399571.255
1014.719,220,401.64,0.0,114.313,0,mm,6218409.21,6170808.88,399571.255
1014.745,220,401.64,0.0,114.313,0,mm,6218409.21,6170808.88,399571.255
1014.769,220,401.64,0.0,114.313,0,mm,6218409.21,6170808.88,399571.255
1014.796,220,401.64,0.0,114.313,0,mm,6218409.21,6170808.88,399571.255
1014.82,220,401.64,0.0,114.313,0,mm,6218409.21,6170808.88,399571.255
1014.898,220,401.64,0.0,114.313,0,mm,6218409.21,6170780.51,399542.885
1014.941,220,401.64,0.0,114.313,0,mm,6218409.21,6170780.51,399542.885
1014.961,220,401.64,0.0,114.313,0,mm,6218409.21,6170780.51,399542.885
1014.994,220,401.64,0.0,114.313,0,mm,6218409.21,6170780.51,399542.885
1015.018,220,401.64,0.0,114.313,0,mm,6218409.21,6170780.51,399542.885
1015.038,220,401.64,0.0,114.313,0,mm,6218409.21,6170780.51,399542.885
1015.063,220,401.64,0.0,114.313,0,mm,6218409.21,6170780.51,399542.885
1015.101,220,401.64,0.0,114.313,0,mm,6218409.21,6170780.51,399542.885
1015.116,220,401.64,0.0,114.313,0,mm,6218409.21,6170780.51,399542.885
1015.15,220,401.64,0.0,114.313,0,mm,6218409.21,6170780.51,399542.885
1015.166,220,401.64,0.0,114.313,0,mm,6218409.21,6170780.51,399542.885
1015.193,220,401.64,0.0,114.313,0,mm,6218409.21,6170780.51,399542.885
1015.218,220,401.64,0.0,114.313,0,mm,6218409.21,6170780.51,399542.885
1015.244,220,401.64,0.0,114.313,0,mm,6218409.21,6170780.51,399542.885
1015.271,220,401.64,0.0,114.313,0,mm,6218409.21,6170780.51,399542.885
1015.297,220,401.64,0.0,114.313,0,mm,6218409.21,6170780.51,399542.885
1015.326,220,401.64,0.0,114.313,0,mm,6218409.21,6170780.51,399542.885
