run,fin,dir
script,algo2e_fin.py,dir.py
log,20261002_192708,20261002_192712_port17000_pid129560
final_pnl_true_nlv,6288771,6278408
bot_logged_pnl_column,6289215,6138442
baseline_error,444,-139966
ry_actual,6224827,6238173
cnr,-52646,-77895
ac,116590,118130
ry_ride_shares,22062,22087
ry_ride_vwap_est,100.644,100.265
spike_case_tick,217,217
ry_ref_exit_bid,121.08,121.08
ry_pnl_ex_spike,447172,459740
total_pnl_ex_spike,511116,499975
spike_contribution,5777656,5778434
spike_share_pct,91.9,92.0
low_before_spike,-52076,-77938
peak_before_spike,325767,308778
pnl_at_tick_200,-52033,-77895
