t,case_tick,sec_left,pnl,nlv,gross,net,CNR_bid,CNR_ask,CNR_fair,CNR_gap,CNR_vol,CNR_er,CNR_regime,CNR_bbz,CNR_vstate,CNR_tslow,CNR_pos,CNR_mode,CNR_pnl,RY_bid,RY_ask,RY_fair,RY_gap,RY_vol,RY_er,RY_regime,RY_bbz,RY_vstate,RY_tslow,RY_pos,RY_mode,RY_pnl,AC_bid,AC_ask,AC_fair,AC_gap,AC_vol,AC_er,AC_regime,AC_bbz,AC_vstate,AC_tslow,AC_pos,AC_mode,AC_pnl
31.476,0,300.0,-79572.28,0.00,0,0,0.0,0.0,0.0000,0.00,1.00,0.00,warmup,0.00,normal,0.00,0,mm,0.00,0.0,0.0,0.0000,0.00,1.00,0.00,warmup,0.00,normal,0.00,0,mm,0.00,0.0,0.0,0.0000,0.00,1.00,0.00,warmup,0.00,normal,0.00,0,mm,0.00
32.117,0,300.0,-79572.28,0.00,0,0,158.99,159.01,159.0000,0.00,1.00,0.00,warmup,0.00,normal,0.00,0,mm,0.00,100.94,101.09,101.0150,0.00,1.00,0.00,warmup,0.00,normal,0.00,0,mm,0.00,25.96,26.01,25.9850,0.00,1.00,0.00,warmup,0.00,normal,0.00,0,mm,0.00
32.488,1,299.0,-79572.28,0.00,0,0,158.93,159.0,158.9944,-0.86,1.00,0.00,warmup,0.00,normal,0.00,0,mm,0.00,100.98,101.03,101.0134,-0.25,1.00,0.00,warmup,0.00,normal,0.00,0,mm,0.00,25.98,26.0,25.9858,0.12,1.00,0.00,warmup,0.00,normal,0.00,0,mm,0.00
32.726,1,299.0,-79572.28,0.00,0,0,158.94,158.99,158.9913,-1.24,1.21,0.00,warmup,0.00,normal,0.00,0,mm,0.00,100.99,101.04,101.0136,-0.18,0.90,0.00,warmup,0.00,normal,0.00,0,mm,0.00,25.98,25.99,25.9857,0.09,0.90,0.00,warmup,0.00,normal,0.00,0,mm,0.00
32.856,2,298.0,-79572.28,0.00,0,0,158.95,158.99,158.9900,-1.35,1.21,0.00,warmup,0.00,normal,0.00,0,mm,0.00,100.94,101.0,101.0110,-0.60,0.90,0.00,warmup,0.00,normal,0.00,0,mm,0.00,25.98,25.99,25.9857,0.08,0.90,0.00,warmup,0.00,normal,0.00,0,mm,0.00
32.911,2,298.0,-79572.28,0.00,0,0,158.96,158.98,158.9895,-1.39,1.21,0.00,warmup,0.00,normal,0.00,0,mm,0.00,100.94,100.95,101.0093,-0.87,0.90,0.00,warmup,0.00,normal,0.00,0,mm,0.00,25.98,25.99,25.9857,0.07,0.90,0.00,warmup,0.00,normal,0.00,0,mm,0.00
32.922,2,298.0,-79572.28,0.00,0,0,158.96,158.98,158.9894,-1.40,1.21,0.00,warmup,0.00,normal,0.00,0,mm,0.00,100.94,100.95,101.0089,-0.92,0.90,0.00,warmup,0.00,normal,0.00,0,mm,0.00,25.98,25.99,25.9857,0.07,0.90,0.00,warmup,0.00,normal,0.00,0,mm,0.00
32.951,2,298.0,-79572.28,0.00,0,0,158.96,158.98,158.9891,-1.42,1.21,0.00,warmup,0.00,normal,0.00,0,mm,0.00,100.94,100.95,101.0081,-1.05,0.90,0.00,warmup,0.00,normal,0.00,0,mm,0.00,25.98,25.99,25.9856,0.07,0.90,0.00,warmup,0.00,normal,0.00,0,mm,0.00
32.978,2,298.0,-79572.28,0.00,0,0,158.96,158.98,158.9889,-1.44,1.21,0.00,warmup,0.00,normal,0.00,0,mm,0.00,100.94,100.95,101.0073,-1.17,0.90,0.00,warmup,0.00,normal,0.00,0,mm,0.00,25.98,25.99,25.9856,0.07,0.90,0.00,warmup,0.00,normal,0.00,0,mm,0.00
33.035,2,298.0,-79572.28,0.00,0,0,158.96,158.98,158.9884,-1.47,1.21,0.00,warmup,0.00,normal,0.00,0,mm,0.00,100.94,100.95,101.0056,-1.41,0.90,0.00,warmup,0.00,normal,0.00,0,mm,0.00,25.98,25.99,25.9856,0.06,0.90,0.00,warmup,0.00,normal,0.00,0,mm,0.00
33.183,2,298.0,-79572.28,0.00,0,0,158.96,158.98,158.9871,-1.55,1.21,0.00,warmup,0.00,normal,0.00,0,mm,0.00,100.86,100.95,100.9989,-2.40,0.90,0.00,warmup,0.00,normal,0.00,0,mm,0.00,25.98,25.99,25.9856,0.05,0.90,0.00,warmup,0.00,normal,0.00,0,mm,0.00
33.233,2,298.0,-79572.28,0.00,0,0,158.96,158.98,158.9868,-1.57,1.17,0.00,warmup,0.00,normal,0.00,0,mm,0.00,100.86,100.95,100.9967,-2.70,1.80,0.00,warmup,0.00,normal,0.00,0,mm,0.00,25.98,25.99,25.9856,0.05,0.81,0.00,warmup,0.00,normal,0.00,0,mm,0.00
33.257,2,298.0,-79572.28,0.00,0,0,158.96,158.98,158.9866,-1.58,1.17,0.00,warmup,0.00,normal,0.00,0,mm,0.00,100.86,100.95,100.9956,-2.84,1.80,0.00,warmup,0.00,normal,0.00,0,mm,0.00,25.98,25.99,25.9856,0.04,0.81,0.00,warmup,0.00,normal,0.00,0,mm,0.00
33.280,2,298.0,-79572.28,0.00,0,0,158.96,158.98,158.9864,-1.59,1.17,0.00,warmup,0.00,normal,0.00,0,mm,0.00,100.86,100.95,100.9947,-2.96,1.80,0.00,warmup,0.00,normal,0.00,0,mm,0.00,25.98,25.99,25.9856,0.04,0.81,0.00,warmup,0.00,normal,0.00,0,mm,0.00
33.397,2,298.0,-79572.28,0.00,0,0,158.96,158.97,158.9852,-1.67,1.17,0.00,warmup,0.00,normal,0.00,0,mm,0.00,100.85,101.02,100.9947,-2.96,1.80,0.00,warmup,0.00,normal,0.00,0,mm,0.00,25.97,25.99,25.9853,-0.01,0.81,0.00,warmup,0.00,normal,0.00,0,mm,0.00
33.424,2,298.0,-79572.28,0.00,0,0,158.96,158.97,158.9850,-1.69,1.17,0.00,warmup,0.00,normal,0.00,0,mm,0.00,100.85,101.02,100.9947,-2.96,1.80,0.00,warmup,0.00,normal,0.00,0,mm,0.00,25.97,25.99,25.9852,-0.02,0.81,0.00,warmup,0.00,normal,0.00,0,mm,0.00
33.447,2,298.0,-79572.28,0.00,0,0,158.96,158.97,158.9848,-1.71,1.17,0.00,warmup,0.00,normal,0.00,0,mm,0.00,100.85,101.02,100.9947,-2.96,1.80,0.00,warmup,0.00,normal,0.00,0,mm,0.00,25.97,25.99,25.9851,-0.03,0.81,0.00,warmup,0.00,normal,0.00,0,mm,0.00
33.464,2,298.0,-79572.28,0.00,0,0,158.96,158.97,158.9846,-1.72,1.17,0.00,warmup,0.00,normal,0.00,0,mm,0.00,100.85,101.02,100.9947,-2.96,1.80,0.00,warmup,0.00,normal,0.00,0,mm,0.00,25.97,25.99,25.9851,-0.04,0.81,0.00,warmup,0.00,normal,0.00,0,mm,0.00
33.486,2,298.0,-79572.28,0.00,0,0,158.96,158.97,158.9844,-1.73,1.17,0.00,warmup,0.00,normal,0.00,0,mm,0.00,100.85,101.02,100.9947,-2.96,1.80,0.00,warmup,0.00,normal,0.00,0,mm,0.00,25.97,25.99,25.9850,-0.04,0.81,0.00,warmup,0.00,normal,0.00,0,mm,0.00
33.510,2,298.0,-79572.28,0.00,0,0,158.96,158.97,158.9842,-1.74,1.17,0.00,warmup,0.00,normal,0.00,0,mm,0.00,100.85,101.02,100.9947,-2.96,1.80,0.00,warmup,0.00,normal,0.00,0,mm,0.00,25.97,25.99,25.9850,-0.05,0.81,0.00,warmup,0.00,normal,0.00,0,mm,0.00
33.657,2,298.0,-79572.28,0.00,0,0,158.96,158.97,158.9829,-1.81,1.17,0.00,warmup,0.00,normal,0.00,0,mm,0.00,100.86,100.93,100.9880,-3.80,1.80,0.00,warmup,0.00,normal,0.00,0,mm,0.00,25.97,25.98,25.9843,-0.16,0.81,0.00,warmup,0.00,normal,0.00,0,mm,0.00
33.688,2,298.0,-79572.28,0.00,0,0,158.96,158.97,158.9826,-1.83,1.17,0.00,warmup,0.00,normal,0.00,0,mm,0.00,100.86,100.93,100.9867,-3.95,1.80,0.00,warmup,0.00,normal,0.00,0,mm,0.00,25.97,25.98,25.9842,-0.18,0.81,0.00,warmup,0.00,normal,0.00,0,mm,0.00
33.704,2,298.0,-79572.28,0.00,0,0,158.96,158.97,158.9825,-1.83,1.17,0.00,warmup,0.00,normal,0.00,0,mm,0.00,100.86,100.93,100.9860,-4.03,1.80,0.00,warmup,0.00,normal,0.00,0,mm,0.00,25.97,25.98,25.9841,-0.19,0.81,0.00,warmup,0.00,normal,0.00,0,mm,0.00
33.728,2,298.0,-79572.28,0.00,0,0,158.96,158.97,158.9823,-1.84,1.17,0.00,warmup,0.00,normal,0.00,0,mm,0.00,100.86,100.93,100.9849,-4.15,1.80,0.00,warmup,0.00,normal,0.00,0,mm,0.00,25.97,25.98,25.9840,-0.20,0.81,0.00,warmup,0.00,normal,0.00,0,mm,0.00
33.763,3,297.0,-79572.28,0.00,0,0,158.96,158.97,158.9820,-1.85,1.07,0.00,warmup,0.00,normal,0.00,0,mm,0.00,100.86,100.93,100.9835,-4.31,1.63,0.00,warmup,0.00,normal,0.00,0,mm,0.00,25.97,25.98,25.9839,-0.22,0.82,0.00,warmup,0.00,normal,0.00,0,mm,0.00
33.775,3,297.0,-79572.28,0.00,0,0,158.96,158.97,158.9819,-1.86,1.07,0.00,warmup,0.00,normal,0.00,0,mm,0.00,100.86,100.93,100.9830,-4.36,1.63,0.00,warmup,0.00,normal,0.00,0,mm,0.00,25.97,25.98,25.9838,-0.23,0.82,0.00,warmup,0.00,normal,0.00,0,mm,0.00
33.802,3,297.0,-79572.28,0.00,0,0,158.96,158.97,158.9817,-1.87,1.07,0.00,warmup,0.00,normal,0.00,0,mm,0.00,100.86,100.93,100.9819,-4.48,1.63,0.00,warmup,0.00,normal,0.00,0,mm,0.00,25.97,25.98,25.9837,-0.24,0.82,0.00,warmup,0.00,normal,0.00,0,mm,0.00
33.958,3,297.0,-79572.28,0.00,0,0,158.94,158.95,158.9791,-2.14,1.07,0.00,warmup,0.00,normal,0.00,0,mm,0.00,100.85,100.87,100.9733,-5.48,1.63,0.00,warmup,0.00,normal,0.00,0,mm,0.00,25.97,25.98,25.9831,-0.32,0.82,0.00,warmup,0.00,normal,0.00,0,mm,0.00
33.984,3,297.0,-79572.28,0.00,0,0,158.94,158.95,158.9787,-2.18,1.07,0.00,warmup,0.00,normal,0.00,0,mm,0.00,100.85,100.87,100.9718,-5.64,1.63,0.00,warmup,0.00,normal,0.00,0,mm,0.00,25.97,25.98,25.9830,-0.33,0.82,0.00,warmup,0.00,normal,0.00,0,mm,0.00
34.005,3,297.0,-79572.28,0.00,0,0,158.94,158.95,158.9784,-2.21,1.07,0.00,warmup,0.00,normal,0.00,0,mm,0.00,100.85,100.87,100.9707,-5.75,1.63,0.00,warmup,0.00,normal,0.00,0,mm,0.00,25.97,25.98,25.9829,-0.34,0.82,0.00,warmup,0.00,normal,0.00,0,mm,0.00
34.030,3,297.0,-79572.28,0.00,0,0,158.94,158.95,158.9780,-2.25,1.07,0.00,warmup,0.00,normal,0.00,0,mm,0.00,100.85,100.87,100.9694,-5.89,1.63,0.00,warmup,0.00,normal,0.00,0,mm,0.00,25.97,25.98,25.9828,-0.35,0.82,0.00,warmup,0.00,normal,0.00,0,mm,0.00
34.057,3,297.0,-79572.28,0.00,0,0,158.94,158.95,158.9775,-2.29,1.07,0.00,warmup,0.00,normal,0.00,0,mm,0.00,100.85,100.87,100.9680,-6.03,1.63,0.00,warmup,0.00,normal,0.00,0,mm,0.00,25.97,25.98,25.9827,-0.36,0.82,0.00,warmup,0.00,normal,0.00,0,mm,0.00
34.215,3,297.0,-79572.28,0.00,0,0,158.92,158.93,158.9738,-2.72,1.07,0.00,warmup,0.00,normal,0.00,0,mm,0.00,100.85,100.86,100.9599,-6.81,1.63,0.00,warmup,0.00,normal,0.00,0,mm,0.00,25.97,25.98,25.9822,-0.42,0.82,0.00,warmup,0.00,normal,0.00,0,mm,0.00
34.241,3,297.0,-79572.28,0.00,0,0,158.92,158.93,158.9732,-2.78,1.07,0.00,warmup,0.00,normal,0.00,0,mm,0.00,100.85,100.86,100.9587,-6.92,1.63,0.00,warmup,0.00,normal,0.00,0,mm,0.00,25.97,25.98,25.9821,-0.43,0.82,0.00,warmup,0.00,normal,0.00,0,mm,0.00
34.293,3,297.0,-79572.28,0.00,0,0,158.92,158.93,158.9720,-2.90,1.30,0.00,warmup,0.00,normal,0.00,0,mm,0.00,100.85,100.86,100.9561,-7.13,1.73,0.00,warmup,0.00,normal,0.00,0,mm,0.00,25.97,25.98,25.9819,-0.44,0.75,0.00,warmup,0.00,normal,0.00,0,mm,0.00
34.335,3,297.0,-79572.28,0.00,0,0,158.92,158.93,158.9711,-2.99,1.30,0.00,warmup,0.00,normal,0.00,0,mm,0.00,100.85,100.86,100.9542,-7.29,1.73,0.00,warmup,0.00,normal,0.00,0,mm,0.00,25.97,25.98,25.9818,-0.45,0.75,0.00,warmup,0.00,normal,0.00,0,mm,0.00
34.657,3,297.0,-79572.28,0.00,0,0,158.88,158.93,158.9618,-3.95,1.30,0.00,warmup,0.00,normal,0.00,0,mm,0.00,100.85,100.86,100.9402,-8.21,1.73,0.00,warmup,0.00,normal,0.00,0,mm,0.00,25.97,25.98,25.9808,-0.52,0.75,0.00,warmup,0.00,normal,0.00,0,mm,0.00
34.820,3,297.0,-79572.28,0.00,0,0,158.89,158.92,158.9576,-4.29,1.29,0.00,warmup,0.00,normal,0.00,0,mm,0.00,100.82,101.11,100.9402,-8.21,1.73,0.00,warmup,0.00,normal,0.00,0,mm,0.00,25.97,25.98,25.9804,-0.54,0.68,0.00,warmup,0.00,normal,0.00,0,mm,0.00
34.835,4,296.0,-79572.28,0.00,0,0,158.89,158.92,158.9572,-4.32,1.29,0.00,warmup,0.00,normal,0.00,0,mm,0.00,100.82,101.11,100.9402,-8.21,1.73,0.00,warmup,0.00,normal,0.00,0,mm,0.00,25.97,25.98,25.9803,-0.54,0.68,0.00,warmup,0.00,normal,0.00,0,mm,0.00
35.026,4,296.0,-79572.28,0.00,0,0,158.9,158.91,158.9527,-4.62,1.29,0.00,warmup,0.00,normal,0.00,0,mm,0.00,100.72,100.84,100.9402,-8.21,1.73,0.00,warmup,0.00,normal,0.00,0,mm,0.00,25.97,25.98,25.9799,-0.56,0.68,0.00,warmup,0.00,normal,0.00,0,mm,0.00
35.046,4,296.0,-79572.28,0.00,0,0,158.9,158.91,158.9523,-4.64,1.29,0.00,warmup,0.00,normal,0.00,0,mm,0.00,100.72,100.84,100.9402,-8.21,1.73,0.00,warmup,0.00,normal,0.00,0,mm,0.00,25.97,25.98,25.9798,-0.56,0.68,0.00,warmup,0.00,normal,0.00,0,mm,0.00
35.087,4,296.0,-79572.28,0.00,0,0,158.9,158.91,158.9514,-4.69,1.29,0.00,warmup,0.00,normal,0.00,0,mm,0.00,100.72,100.84,100.9402,-8.21,1.73,0.00,warmup,0.00,normal,0.00,0,mm,0.00,25.97,25.98,25.9797,-0.56,0.68,0.00,warmup,0.00,normal,0.00,0,mm,0.00
35.703,4,296.0,-79572.28,0.00,0,0,158.89,158.9,158.9372,-5.43,1.18,0.00,warmup,0.00,normal,0.00,0,mm,0.00,100.82,100.83,100.9112,-9.99,1.70,0.00,warmup,0.00,normal,0.00,0,mm,0.00,25.97,25.98,25.9785,-0.58,0.62,0.00,warmup,0.00,normal,0.00,0,mm,0.00
36.059,5,295.0,-79572.28,0.00,0,0,158.83,158.89,158.9252,-6.37,1.18,0.00,warmup,0.00,normal,0.00,0,mm,0.00,101.02,101.05,100.9303,-5.33,1.70,0.00,warmup,0.00,normal,0.00,0,mm,0.00,25.97,25.98,25.9780,-0.57,0.62,0.00,warmup,0.00,normal,0.00,0,mm,0.00
36.264,5,295.0,-79572.28,0.00,0,0,158.84,158.85,158.9179,-6.93,1.44,0.00,warmup,0.00,normal,0.00,0,mm,0.00,101.02,101.03,100.9390,-3.50,3.47,0.00,warmup,0.00,normal,0.00,0,mm,0.00,25.97,25.98,25.9777,-0.56,0.56,0.00,warmup,0.00,normal,0.00,0,mm,0.00
36.353,5,295.0,-79572.28,0.00,0,0,158.84,158.85,158.9149,-7.12,1.44,0.00,warmup,0.00,normal,0.00,0,mm,0.00,101.03,101.04,100.9429,-2.76,3.47,0.00,warmup,0.00,normal,0.00,0,mm,0.00,25.97,25.98,25.9776,-0.55,0.56,0.00,warmup,0.00,normal,0.00,0,mm,0.00
36.409,5,295.0,-79572.28,0.00,0,0,158.84,158.85,158.9130,-7.23,1.44,0.00,warmup,0.00,normal,0.00,0,mm,0.00,101.03,101.04,100.9453,-2.33,3.47,0.00,warmup,0.00,normal,0.00,0,mm,0.00,25.97,25.98,25.9775,-0.55,0.56,0.00,warmup,0.00,normal,0.00,0,mm,0.00
36.649,5,295.0,-79572.28,0.00,0,0,158.84,158.85,158.9058,-7.56,1.44,0.00,warmup,0.00,normal,0.00,0,mm,0.00,101.06,101.08,100.9587,-0.16,3.47,0.00,warmup,0.00,normal,0.00,0,mm,0.00,25.97,25.98,25.9773,-0.54,0.56,0.00,warmup,0.00,normal,0.00,0,mm,0.00
36.816,5,295.0,-79572.28,0.00,0,0,158.84,158.85,158.9012,-7.70,1.41,0.00,warmup,0.00,normal,0.00,0,mm,0.00,100.93,101.04,100.9607,-0.03,3.54,0.00,warmup,0.00,normal,0.00,0,mm,0.00,25.97,25.98,25.9771,-0.53,0.51,0.00,warmup,0.00,normal,0.00,0,mm,0.00
36.846,6,294.0,-79572.28,0.00,0,0,158.84,158.85,158.9004,-7.72,1.41,0.00,warmup,0.00,normal,0.00,0,mm,0.00,100.93,101.04,100.9610,-0.01,3.54,0.00,warmup,0.00,normal,0.00,0,mm,0.00,25.97,25.98,25.9771,-0.52,0.51,0.00,warmup,0.00,normal,0.00,0,mm,0.00
36.864,6,294.0,-79572.28,0.00,0,0,158.84,158.85,158.8999,-7.73,1.41,0.00,warmup,0.00,normal,0.00,0,mm,0.00,100.93,101.04,100.9612,0.00,3.54,0.00,warmup,0.00,normal,0.00,0,mm,0.00,25.97,25.98,25.9771,-0.52,0.51,0.00,warmup,0.00,normal,0.00,0,mm,0.00
37.152,6,294.0,-79572.28,0.00,0,0,158.83,158.85,158.8923,-7.92,1.41,0.93,TREND,0.00,normal,0.00,0,mm,0.00,101.02,101.03,100.9693,0.96,3.54,0.04,chop,0.00,normal,0.00,0,mm,0.00,25.97,25.98,25.9768,-0.50,0.51,1.00,mixed,0.00,normal,0.00,0,mm,0.00
37.282,6,294.0,-79572.28,0.00,0,0,158.83,158.84,158.8889,-8.00,1.41,0.93,TREND,0.00,normal,0.00,0,mm,0.00,101.14,101.24,100.9825,2.94,3.54,0.04,chop,0.00,normal,0.00,0,mm,0.00,25.97,25.98,25.9767,-0.49,0.51,1.00,mixed,0.00,normal,0.00,0,mm,0.00
37.321,6,294.0,-79572.28,0.00,0,0,158.83,158.84,158.8879,-8.02,1.28,0.93,TREND,0.00,normal,0.00,0,mm,0.00,101.14,101.24,100.9863,3.48,5.02,0.04,chop,0.00,normal,0.00,0,mm,0.00,25.97,25.98,25.9767,-0.49,0.47,1.00,mixed,0.00,normal,0.00,0,mm,0.00
37.352,6,294.0,-79572.28,0.00,0,0,158.83,158.84,158.8871,-8.03,1.28,0.93,TREND,0.00,normal,0.00,0,mm,0.00,101.14,101.24,100.9892,3.88,5.02,0.04,chop,0.00,normal,0.00,0,mm,0.00,25.97,25.98,25.9766,-0.49,0.47,1.00,mixed,0.00,normal,0.00,0,mm,0.00
37.397,6,294.0,-79572.28,0.00,0,0,158.83,158.84,158.8861,-8.05,1.28,0.93,TREND,0.00,normal,0.00,0,mm,0.00,101.14,101.24,100.9934,4.44,5.02,0.04,chop,0.00,normal,0.00,0,mm,0.00,25.97,25.98,25.9766,-0.49,0.47,1.00,mixed,0.00,normal,0.00,0,mm,0.00
37.623,6,294.0,-79572.28,0.00,0,0,158.81,158.84,158.8799,-8.23,1.28,0.93,TREND,0.00,normal,0.00,0,mm,0.00,101.14,101.22,101.0122,6.66,5.02,0.28,mixed,0.00,normal,0.00,0,mm,0.00,25.97,25.98,25.9764,-0.47,0.47,1.00,mixed,0.00,normal,0.00,0,mm,0.00
37.776,6,294.0,-79572.28,0.00,0,0,158.82,158.83,158.8761,-8.29,1.28,0.93,TREND,0.00,normal,0.00,0,mm,0.00,101.21,101.22,101.0264,8.25,5.02,0.28,mixed,0.00,normal,0.00,0,mm,0.00,25.97,25.98,25.9763,-0.46,0.47,1.00,mixed,0.00,normal,0.00,0,mm,0.00
37.807,6,294.0,-79572.28,0.00,0,0,158.8,158.83,158.8752,-8.32,1.28,0.93,TREND,0.00,normal,0.00,0,mm,0.00,101.21,101.22,101.0291,8.53,5.02,0.28,mixed,0.00,normal,0.00,0,mm,0.00,25.97,25.99,25.9764,-0.45,0.47,1.00,mixed,0.00,normal,0.00,0,mm,0.00
37.851,6,294.0,-79572.28,0.00,0,0,158.8,158.83,158.8739,-8.37,1.23,0.93,TREND,0.00,normal,0.00,0,mm,0.00,101.21,101.22,101.0329,8.92,4.54,0.28,mixed,0.00,normal,0.00,0,mm,0.00,25.97,25.99,25.9765,-0.43,0.47,1.00,mixed,0.00,normal,0.00,0,mm,0.00
37.875,7,293.0,-79572.28,0.00,0,0,158.8,158.83,158.8733,-8.39,1.23,0.94,TREND,0.00,normal,0.00,0,mm,0.00,101.21,101.22,101.0350,9.11,4.54,0.32,mixed,0.00,normal,0.00,0,mm,0.00,25.97,25.99,25.9765,-0.41,0.47,0.50,mixed,0.00,normal,0.00,0,mm,0.00
38.269,7,293.0,-79572.28,0.00,0,0,158.81,158.82,158.8634,-8.55,1.23,0.94,TREND,0.00,normal,0.00,0,mm,0.00,101.21,101.22,101.0655,11.56,4.54,0.32,mixed,0.00,normal,0.00,0,mm,0.00,25.97,25.99,25.9771,-0.27,0.47,0.50,mixed,0.00,normal,0.00,0,mm,0.00
38.489,7,293.0,-79572.28,0.00,0,0,158.81,158.82,158.8586,-8.52,1.21,0.94,TREND,0.00,normal,0.00,0,mm,0.00,101.24,101.27,101.0842,13.03,4.25,0.32,mixed,0.00,normal,0.00,0,mm,0.00,25.98,25.99,25.9779,-0.14,0.47,0.50,mixed,0.00,normal,0.00,0,mm,0.00
38.707,7,293.0,-79572.28,0.00,0,0,158.81,158.82,158.8544,-8.44,1.21,0.94,TREND,0.00,normal,0.00,0,mm,0.00,101.26,101.27,101.1018,14.21,4.25,0.37,mixed,0.00,normal,0.00,0,mm,0.00,25.98,26.0,25.9791,0.05,0.47,0.00,chop,0.00,normal,0.00,0,mm,0.00
38.829,7,293.0,-79572.28,0.00,0,0,158.81,158.82,158.8522,-8.37,1.21,0.94,TREND,0.00,normal,0.00,0,mm,0.00,101.26,101.27,101.1110,14.71,4.25,0.37,mixed,0.00,normal,0.00,0,mm,0.00,26.0,26.01,25.9805,0.28,0.47,0.00,chop,0.00,normal,0.00,0,mm,0.00
38.864,7,293.0,-79572.28,0.00,0,0,158.81,158.82,158.8516,-8.35,1.21,0.94,TREND,0.00,normal,0.00,0,mm,0.00,101.26,101.27,101.1135,14.84,4.25,0.37,mixed,0.00,normal,0.00,0,mm,0.00,26.0,26.01,25.9809,0.33,0.47,0.00,chop,0.00,normal,0.00,0,mm,0.00
38.881,7,293.0,-79572.28,0.00,0,0,158.81,158.82,158.8513,-8.34,1.21,0.94,TREND,0.00,normal,0.00,0,mm,0.00,101.26,101.27,101.1146,14.89,4.25,0.37,mixed,0.00,normal,0.00,0,mm,0.00,26.0,26.01,25.9811,0.36,0.47,0.00,chop,0.00,normal,0.00,0,mm,0.00
38.944,7,293.0,-79572.28,0.00,0,0,158.81,158.82,158.8502,-8.30,1.21,0.94,TREND,0.00,normal,0.00,0,mm,0.00,101.26,101.27,101.1190,15.09,4.25,0.37,mixed,0.00,normal,0.00,0,mm,0.00,26.0,26.01,25.9818,0.46,0.47,0.00,chop,0.00,normal,0.00,0,mm,0.00
39.211,7,293.0,-79572.28,0.00,0,0,158.79,158.82,158.8449,-8.29,1.10,0.94,TREND,0.00,normal,0.00,0,mm,0.00,101.1,101.26,101.1190,15.09,4.25,0.37,mixed,0.00,normal,0.00,0,mm,0.00,26.0,26.02,25.9851,0.89,0.64,0.40,mixed,0.00,normal,0.00,0,mm,0.00
39.714,8,292.0,-79572.28,0.00,0,0,158.79,158.81,158.8354,-8.20,1.04,1.00,TREND,-1.35,stressed,0.00,0,mm,0.00,101.11,101.27,101.1190,15.09,4.25,0.37,mixed,0.00,normal,0.00,0,mm,0.00,26.01,26.02,25.9914,1.54,0.60,0.60,mixed,2.91,normal,0.00,0,mm,0.00
40.172,9,291.0,-79572.28,0.00,0,0,158.79,158.8,158.8275,-8.06,1.04,1.00,TREND,-1.33,stressed,0.00,0,mm,0.00,101.18,101.25,101.1377,14.41,4.40,0.47,TREND,0.00,normal,0.00,0,mm,0.00,26.01,26.04,25.9980,2.12,0.60,0.67,mixed,2.85,normal,0.00,0,mm,0.00
41.164,10,290.0,-79529.74,42.54,500,500,158.79,158.8,158.8154,-7.27,0.98,1.00,TREND,-1.25,stressed,0.00,0,mm,0.00,101.1,101.21,101.1442,9.81,4.66,0.45,TREND,0.00,normal,0.00,500,mm,34.00,26.02,26.06,26.0136,3.20,0.73,1.00,mixed,2.93,normal,0.00,0,mm,8.54
41.423,10,290.0,-79529.74,42.54,2400,0,158.79,158.8,158.8130,-7.02,0.98,1.00,TREND,-1.18,stressed,0.00,0,mm,0.00,101.13,101.15,101.1437,8.75,4.66,0.42,TREND,0.00,normal,0.00,1200,mm,20.60,26.06,26.07,26.0196,3.72,0.73,1.00,mixed,3.13,stressed,0.00,-1200,mm,-26.14
41.458,10,290.0,-79529.74,42.54,2400,0,158.79,158.8,158.8128,-6.99,0.98,1.00,TREND,-1.18,stressed,0.00,0,mm,0.00,101.13,101.15,101.1436,8.63,4.66,0.42,TREND,0.00,normal,0.00,1200,mm,20.60,26.06,26.07,26.0203,3.78,0.73,1.00,mixed,3.13,stressed,0.00,-1200,mm,-26.14
41.945,10,290.0,-79529.74,42.54,2700,-2700,158.79,158.8,158.8091,-6.50,0.97,1.00,TREND,-1.12,stressed,0.00,0,mm,0.00,101.13,101.14,101.1419,7.02,4.46,0.47,TREND,0.66,stressed,0.00,-300,mm,13.24,26.07,26.1,26.0336,4.89,1.02,1.00,mixed,3.02,stressed,0.00,-2400,mm,-106.94
42.183,11,280.2,-79665.98,-93.70,3400,-1800,158.79,158.8,158.8076,-6.26,0.97,1.00,TREND,-1.12,stressed,0.00,0,mm,0.00,101.12,101.13,101.1400,6.24,4.46,0.47,TREND,0.66,stressed,0.00,800,mm,10.04,26.12,26.13,26.0434,5.86,1.02,1.00,mixed,3.02,stressed,0.00,-2600,mm,-132.72
42.480,11,280.2,-79665.98,-93.70,3900,-2300,158.79,158.82,158.8072,-5.76,1.04,0.82,TREND,-0.94,stressed,0.00,-300,mm,0.69,101.04,101.07,101.1288,4.03,4.80,0.31,mixed,0.09,stressed,0.00,800,mm,-29.96,26.13,26.16,26.0569,7.07,1.37,1.00,TREND,3.47,stressed,0.00,-2800,mm,-266.50
43.387,12,285.2,-79939.25,-366.97,1500,500,158.81,158.82,158.8099,-4.18,1.09,0.43,mixed,-0.76,stressed,-1.95,-300,mm,-2.31,101.0,101.07,101.0962,-0.52,4.48,0.00,chop,-0.06,normal,0.00,1000,mm,-35.68,26.23,26.24,26.1188,12.51,1.91,1.00,TREND,3.70,stressed,1.87,-200,mm,-328.98
43.469,12,285.2,-79939.25,-366.97,1900,900,158.81,158.83,158.8104,-4.03,1.09,0.43,mixed,-0.76,stressed,-1.95,-300,mm,-2.31,100.97,101.03,101.0923,-1.00,4.48,0.00,chop,-0.06,normal,0.00,1400,mm,-108.48,26.28,26.29,26.1256,13.06,1.91,1.00,TREND,3.70,stressed,1.87,-200,mm,-336.98
43.505,12,285.2,-79939.25,-366.97,1900,900,158.81,158.83,158.8105,-3.98,1.09,0.43,mixed,-0.76,stressed,-1.95,-300,mm,-2.31,100.97,101.03,101.0907,-1.18,4.48,0.00,chop,-0.06,normal,0.00,1400,mm,-108.48,26.28,26.29,26.1282,13.26,1.91,1.00,TREND,3.70,stressed,1.87,-200,mm,-336.98
43.965,12,285.2,-79939.25,-366.97,2700,1100,158.82,158.83,158.8133,-3.22,1.11,0.20,chop,-0.59,normal,-1.95,-600,mm,-4.62,100.98,100.99,101.0701,-3.34,4.45,0.08,chop,-0.43,normal,0.00,1900,mm,-119.48,26.31,26.32,26.1647,15.88,2.25,1.00,TREND,3.54,stressed,1.87,-200,mm,-336.98
44.846,13,295.6,-80047.36,-475.08,1100,-1100,158.82,158.83,158.8173,-2.33,1.03,0.20,chop,-0.58,normal,-1.74,-600,mm,-4.62,101.06,101.13,101.0785,-0.16,5.07,0.27,mixed,0.41,normal,0.00,-300,mm,-39.88,26.33,26.34,26.2220,18.05,2.09,1.00,TREND,3.02,stressed,2.27,-200,dir,-350.98
45.440,14,284.9,-80092.80,-520.52,2600,-2200,158.82,158.83,158.8192,-1.96,0.96,0.20,chop,-0.56,normal,-1.73,-1200,mm,-3.24,101.09,101.26,101.0785,-0.16,5.07,0.27,mixed,0.41,normal,0.00,-1200,mm,-86.62,26.35,26.36,26.2544,18.38,1.94,1.00,TREND,2.72,stressed,2.41,200,dir,-359.58
46.045,15,276.0,-79996.32,-424.04,2500,-2100,158.83,158.85,158.8244,-1.16,1.02,0.64,mixed,-0.32,normal,-1.48,-1200,mm,-15.24,101.15,101.31,101.0785,-0.16,5.07,0.27,mixed,0.41,normal,0.00,-1100,mm,-51.22,26.35,26.37,26.2811,17.85,1.94,1.00,TREND,2.42,stressed,2.42,200,dir,-357.58
47.070,15,296.8,-79996.32,-424.04,7905,2495,158.85,158.88,158.8397,0.68,1.16,1.00,mixed,0.08,normal,-1.48,-1305,mm,-39.52,101.33,101.34,101.1751,12.55,6.69,0.21,chop,2.03,normal,0.00,-1400,mm,-268.80,26.36,26.37,26.3127,16.21,1.92,1.00,TREND,2.22,stressed,2.42,5200,dir,-415.08
48.286,17,279.2,-80626.08,-1053.81,8600,1800,158.96,158.98,158.8964,6.50,1.97,1.00,TREND,1.70,normal,0.03,-2000,mm,-257.93,101.42,101.43,101.2838,19.52,6.59,0.48,TREND,2.33,normal,0.92,-1400,mm,-380.80,26.33,26.37,26.3289,12.80,2.06,0.90,TREND,1.94,stressed,2.30,5200,dir,-415.08
48.596,17,279.2,-80626.08,-1053.81,10300,3300,158.98,158.99,158.9090,7.24,1.97,1.00,TREND,1.81,stressed,0.03,-2100,mm,-300.19,101.44,101.45,101.3068,20.10,6.59,0.51,TREND,2.18,stressed,0.92,-1400,mm,-408.80,26.34,26.35,26.3312,11.94,2.06,0.87,TREND,1.78,stressed,2.30,6800,dir,-553.48
49.139,18,276.2,-80904.44,-1332.17,8400,8200,158.99,159.02,158.9309,8.41,1.98,1.00,TREND,1.96,stressed,0.24,-100,mm,-326.60,101.46,101.48,101.3440,20.84,6.03,0.75,TREND,2.10,stressed,1.02,0,mm,-434.84,26.28,26.34,26.3264,9.53,2.38,0.60,TREND,1.47,stressed,1.89,8300,dir,-570.73
49.398,18,276.2,-80904.44,-1332.17,8400,8200,158.99,159.02,158.9395,8.63,1.98,1.00,TREND,1.83,stressed,0.24,-100,mm,-326.60,101.48,101.49,101.3604,21.02,6.03,0.75,TREND,1.99,stressed,1.02,0,mm,-434.84,26.28,26.34,26.3245,8.67,2.38,0.60,TREND,1.41,stressed,1.89,8300,dir,-570.73
49.616,18,276.2,-80904.44,-1332.17,8300,8300,159.01,159.09,158.9504,9.41,1.98,1.00,TREND,1.83,stressed,0.24,0,mm,-328.87,101.49,101.5,101.3737,21.12,6.03,0.75,TREND,1.99,stressed,1.02,0,mm,-434.84,26.29,26.3,26.3216,7.82,2.38,0.60,TREND,1.41,stressed,1.89,8300,dir,-570.73
49.856,19,271.1,-82542.21,-2969.94,9300,9300,159.08,159.09,158.9651,10.58,2.38,1.00,TREND,2.61,stressed,0.66,0,mm,-328.87,101.5,101.51,101.3880,21.19,5.43,0.82,TREND,1.92,stressed,1.10,0,mm,-434.84,26.16,26.29,26.3216,7.82,2.38,0.60,TREND,1.41,stressed,1.89,9300,dir,-2206.23
49.944,19,271.1,-82542.21,-2969.94,9300,9300,159.08,159.1,158.9702,10.94,2.38,1.00,TREND,2.61,stressed,0.66,0,mm,-328.87,101.51,101.53,101.3934,21.26,5.43,0.82,TREND,1.92,stressed,1.10,0,mm,-434.84,26.04,26.29,26.3216,7.82,2.38,0.60,TREND,1.41,stressed,1.89,9300,cut,-2206.23
50.395,19,279.6,-82542.21,-2969.94,9300,9300,159.1,159.11,158.9961,12.54,2.15,1.00,TREND,2.56,stressed,0.66,0,mm,-328.87,101.54,101.56,101.4235,22.04,4.98,0.84,TREND,1.97,stressed,1.10,0,mm,-434.84,25.91,25.95,26.2464,-3.98,5.68,0.54,TREND,-1.03,stressed,1.89,9300,cut,-4531.23
50.450,19,279.6,-82542.21,-2969.94,9300,9300,159.1,159.11,158.9989,12.66,2.15,1.00,TREND,2.56,stressed,0.66,0,mm,-328.87,101.54,101.56,101.4267,22.06,4.98,0.84,TREND,1.97,stressed,1.10,0,mm,-434.84,25.91,25.95,26.2382,-5.04,5.68,0.54,TREND,-1.03,stressed,1.89,9300,cut,-4531.23
50.582,19,279.6,-82542.21,-2969.94,9300,9300,159.1,159.12,159.0056,12.94,2.15,1.00,TREND,2.56,stressed,0.66,0,mm,-328.87,101.56,101.57,101.4351,22.21,4.98,0.84,TREND,1.97,stressed,1.10,0,mm,-434.84,25.87,25.89,26.2166,-7.79,5.68,0.54,TREND,-1.03,stressed,1.89,9300,cut,-4531.23
50.865,19,279.6,-82542.21,-2969.94,9300,9300,159.1,159.12,159.0186,13.28,2.15,1.00,TREND,2.38,stressed,0.66,0,mm,-328.87,101.57,101.59,101.4532,22.55,4.98,1.00,TREND,1.95,stressed,1.10,0,mm,-434.84,25.88,25.89,26.1752,-12.25,5.68,0.81,TREND,-1.28,stressed,1.89,9300,cut,-4810.23
50.940,20,271.9,-85146.21,-5573.94,9300,9300,159.11,159.13,159.0222,13.38,1.98,1.00,TREND,2.38,stressed,0.84,0,mm,-328.87,101.59,101.6,101.4582,22.66,4.57,1.00,TREND,1.95,stressed,1.29,0,mm,-434.84,25.88,25.89,26.1649,-13.18,5.28,0.81,TREND,-1.28,stressed,-0.22,9300,cut,-4810.23
51.222,20,271.9,-85146.21,-5573.94,9300,9300,159.12,159.16,159.0371,13.98,1.98,1.00,TREND,2.45,stressed,0.84,0,dir,-328.87,101.61,101.62,101.4780,23.21,4.57,1.00,TREND,1.95,stressed,1.29,0,mm,-434.84,25.88,25.89,26.1296,-15.91,5.28,0.88,TREND,-1.24,stressed,-0.22,9300,cut,-4810.23
51.533,20,280.7,-85146.21,-5573.94,9300,9300,159.14,159.15,159.0518,14.37,1.83,1.00,TREND,2.30,stressed,0.84,0,dir,-328.87,101.62,101.64,101.4987,23.66,4.13,1.00,TREND,1.88,stressed,1.29,0,mm,-434.84,25.88,25.89,26.0963,-17.83,5.00,0.88,TREND,-1.20,stressed,-0.22,9300,cut,-4810.23
52.952,21,285.5,-85406.21,-5833.94,9300,9300,159.17,159.2,159.1163,15.47,1.82,1.00,TREND,2.44,stressed,1.14,5000,dir,-425.37,101.64,101.65,101.5695,22.38,3.91,1.00,TREND,1.81,stressed,1.41,0,dir,-434.84,25.88,25.89,25.9940,-19.02,4.73,0.98,TREND,-1.16,stressed,-0.22,4300,cut,-4973.73
54.253,23,274.0,-83565.21,-3992.94,9300,9300,159.2,159.22,159.1594,14.57,1.66,1.00,TREND,2.41,stressed,1.27,5000,dir,-175.37,101.64,101.65,101.6042,18.68,3.82,1.00,TREND,1.65,stressed,1.40,0,dir,-434.84,26.25,26.28,26.1187,3.51,7.89,0.10,chop,1.15,stressed,0.45,4300,cut,-3382.73
54.991,23,283.3,-83565.21,-3992.94,8927,8927,159.22,159.24,159.1800,14.09,1.52,1.00,TREND,2.32,stressed,1.27,7727,dir,-88.73,101.62,101.63,101.6103,15.81,3.90,0.83,TREND,1.48,stressed,1.40,1200,dir,-455.16,26.15,26.18,26.1322,2.98,8.16,0.20,chop,0.49,stressed,0.45,0,mm,-3389.18
55.310,23,283.3,-83565.21,-3992.94,8927,8927,159.24,159.25,159.1889,13.99,1.52,1.00,TREND,2.22,stressed,1.27,7727,dir,-11.46,101.62,101.63,101.6123,14.79,3.90,0.83,TREND,1.39,stressed,1.40,1200,dir,-455.16,26.15,26.17,26.1360,2.68,8.16,0.20,chop,0.43,stressed,0.45,0,mm,-3389.18
55.568,24,276.9,-83428.07,-3855.80,8927,8927,159.24,159.25,159.1953,13.77,1.44,1.00,TREND,2.02,stressed,1.42,7727,dir,-11.46,101.62,101.63,101.6138,14.04,3.74,0.82,TREND,1.30,stressed,1.35,1200,dir,-455.16,26.16,26.17,26.1393,2.57,7.39,0.19,chop,0.41,stressed,0.28,0,mm,-3389.18
55.816,24,276.9,-83428.07,-3855.80,8927,8927,159.24,159.25,159.2008,13.48,1.44,1.00,TREND,2.02,stressed,1.42,7727,dir,-11.46,101.62,101.63,101.6150,13.36,3.74,0.82,TREND,1.30,stressed,1.35,1200,dir,-455.16,26.13,26.16,26.1399,2.11,7.39,0.19,chop,0.41,stressed,0.28,0,mm,-3389.18
56.077,24,276.9,-83428.07,-3855.80,11227,11227,159.24,159.25,159.2059,13.12,1.49,1.00,TREND,1.87,stressed,1.42,8827,dir,51.84,101.62,101.63,101.6162,12.70,3.58,0.79,TREND,1.24,stressed,1.35,1500,dir,-457.74,26.14,26.16,26.1411,1.82,6.83,0.17,chop,0.29,stressed,0.28,900,mm,-3400.19
56.100,25,270.6,-83378.36,-3806.09,11227,11227,159.24,159.25,159.2063,13.09,1.49,1.00,TREND,1.87,stressed,1.45,8827,dir,51.84,101.62,101.63,101.6163,12.65,3.58,0.79,TREND,1.24,stressed,1.35,1500,dir,-457.74,26.14,26.16,26.1412,1.80,6.83,0.17,chop,0.29,stressed,0.27,900,mm,-3400.19
56.487,25,270.6,-83378.36,-3806.09,11827,11827,159.24,159.25,159.2128,12.47,1.49,1.00,TREND,1.74,stressed,1.45,8827,dir,51.84,101.6,101.62,101.6152,11.36,3.58,0.60,TREND,1.14,stressed,1.35,1500,dir,-457.74,26.12,26.16,26.1410,1.23,6.83,0.38,mixed,0.20,stressed,0.27,1500,mm,-3408.53
56.522,25,270.6,-83378.36,-3806.09,11827,11827,159.24,159.25,159.2134,12.41,1.49,1.00,TREND,1.74,stressed,1.45,8827,dir,51.84,101.6,101.62,101.6151,11.26,3.58,0.60,TREND,1.14,stressed,1.35,1500,dir,-457.74,26.12,26.16,26.1410,1.19,6.83,0.38,mixed,0.20,stressed,0.27,1500,mm,-3408.53
56.537,25,270.6,-83378.36,-3806.09,11827,11827,159.24,159.25,159.2136,12.38,1.49,1.00,TREND,1.74,stressed,1.45,8827,dir,51.84,101.6,101.62,101.6151,11.21,3.58,0.60,TREND,1.14,stressed,1.35,1500,dir,-457.74,26.12,26.16,26.1410,1.17,6.83,0.38,mixed,0.20,stressed,0.27,1500,mm,-3408.53
56.600,25,270.6,-83378.36,-3806.09,11827,11827,159.24,159.25,159.2145,12.28,1.51,1.00,TREND,1.74,stressed,1.45,8827,dir,51.84,101.6,101.62,101.6149,11.03,3.54,0.60,TREND,1.14,stressed,1.35,1500,dir,-457.74,26.12,26.16,26.1410,1.10,6.26,0.38,mixed,0.20,stressed,0.27,1500,mm,-3408.53
56.953,25,280.3,-83378.36,-3806.09,15388,15388,159.24,159.27,159.2207,11.92,1.51,1.00,TREND,1.70,stressed,1.45,11488,dir,-96.83,101.6,101.61,101.6134,10.00,3.54,0.56,TREND,1.08,stressed,1.35,2400,dir,-504.48,26.13,26.16,26.1416,0.89,6.26,0.38,mixed,0.23,stressed,0.27,1500,mm,-3408.53
57.269,25,280.3,-83378.36,-3806.09,15388,15388,159.26,159.27,159.2267,11.75,1.38,1.00,TREND,1.65,stressed,1.45,11488,dir,18.05,101.6,101.63,101.6136,9.45,3.30,0.45,mixed,1.08,stressed,1.35,2400,dir,-504.48,26.12,26.17,26.1420,0.76,5.67,0.38,mixed,0.20,stressed,0.27,1500,mm,-3393.53
57.395,26,273.0,-83452.24,-3879.96,15388,15388,159.26,159.28,159.2293,11.68,1.38,1.00,TREND,1.65,stressed,2.06,11488,dir,18.05,101.6,101.62,101.6134,9.18,3.30,0.45,mixed,1.08,stressed,1.31,2400,dir,-504.48,26.12,26.16,26.1419,0.66,5.67,0.38,mixed,0.20,stressed,0.27,1500,mm,-3393.53
57.561,26,273.0,-83452.24,-3879.96,15388,15388,159.27,159.28,159.2327,11.63,1.38,1.00,TREND,1.57,stressed,2.06,11488,dir,18.05,101.6,101.62,101.6132,8.85,3.30,0.25,chop,0.98,normal,1.31,2400,dir,-504.48,26.12,26.15,26.1414,0.50,5.67,0.47,TREND,0.09,stressed,0.27,1500,mm,-3393.53
57.596,26,273.0,-83452.24,-3879.96,15388,15388,159.27,159.28,159.2334,11.62,1.38,1.00,TREND,1.57,stressed,2.06,11488,dir,18.05,101.6,101.62,101.6131,8.78,3.30,0.25,chop,0.98,normal,1.31,2400,dir,-504.48,26.12,26.15,26.1413,0.46,5.67,0.47,TREND,0.09,stressed,0.27,1500,mm,-3393.53
57.610,26,273.0,-83452.24,-3879.96,15388,15388,159.27,159.28,159.2337,11.61,1.38,1.00,TREND,1.57,stressed,2.06,11488,dir,18.05,101.6,101.62,101.6131,8.76,3.30,0.25,chop,0.98,normal,1.31,2400,dir,-504.48,26.12,26.15,26.1412,0.45,5.67,0.47,TREND,0.09,stressed,0.27,1500,mm,-3393.53
57.641,26,273.0,-83452.24,-3879.96,15388,15388,159.27,159.28,159.2343,11.59,1.38,1.00,TREND,1.57,stressed,2.06,11488,dir,18.05,101.6,101.62,101.6130,8.70,3.30,0.25,chop,0.98,normal,1.31,2400,dir,-504.48,26.12,26.15,26.1412,0.42,5.67,0.47,TREND,0.09,stressed,0.27,1500,mm,-3393.53
57.872,26,273.0,-83452.24,-3879.96,15388,15388,159.27,159.28,159.2385,11.43,1.32,1.00,TREND,1.47,stressed,2.06,11488,dir,18.05,101.6,101.62,101.6127,8.28,3.16,0.25,chop,0.93,normal,1.31,2400,dir,-504.48,26.09,26.13,26.1379,-0.16,5.43,0.41,TREND,-0.10,stressed,0.27,1500,mm,-3393.53
57.909,27,266.9,-83167.60,-3595.32,15388,15388,159.27,159.28,159.2391,11.39,1.32,1.00,TREND,1.47,stressed,2.51,11488,dir,362.69,101.6,101.62,101.6127,8.22,3.16,0.25,chop,0.93,normal,1.31,2400,dir,-504.48,26.09,26.15,26.1376,-0.22,5.43,0.41,TREND,-0.10,stressed,0.23,1500,mm,-3453.53
58.045,27,266.9,-83167.60,-3595.32,15388,15388,159.27,159.28,159.2414,11.26,1.32,1.00,TREND,1.47,stressed,2.51,11488,dir,362.69,101.6,101.62,101.6125,7.99,3.16,0.25,chop,0.93,normal,1.31,2400,dir,-504.48,25.96,26.1,26.1376,-0.22,5.43,0.41,TREND,-0.10,stressed,0.23,1500,mm,-3453.53
58.065,27,266.9,-83167.60,-3595.32,15388,15388,159.27,159.28,159.2417,11.24,1.32,1.00,TREND,1.47,stressed,2.51,11488,dir,362.69,101.6,101.62,101.6125,7.96,3.16,0.25,chop,0.93,normal,1.31,2400,dir,-504.48,25.96,26.1,26.1376,-0.22,5.43,0.41,TREND,-0.10,stressed,0.23,1500,mm,-3453.53
58.094,27,266.9,-83167.60,-3595.32,15388,15388,159.27,159.28,159.2422,11.21,1.32,1.00,TREND,1.47,stressed,2.51,11488,dir,362.69,101.6,101.62,101.6125,7.91,3.16,0.25,chop,0.93,normal,1.31,2400,dir,-504.48,25.96,26.1,26.1376,-0.22,5.43,0.41,TREND,-0.10,stressed,0.23,1500,mm,-3453.53
58.114,27,266.9,-83167.60,-3595.32,15388,15388,159.27,159.28,159.2425,11.19,1.32,1.00,TREND,1.47,stressed,2.51,11488,dir,362.69,101.6,101.62,101.6124,7.88,3.16,0.25,chop,0.93,normal,1.31,2400,dir,-504.48,25.96,26.1,26.1376,-0.22,5.43,0.41,TREND,-0.10,stressed,0.23,1500,mm,-3453.53
58.213,27,266.9,-83167.60,-3595.32,15388,15388,159.27,159.28,159.2440,11.08,1.32,1.00,TREND,1.39,stressed,2.51,11488,dir,362.69,101.6,101.62,101.6123,7.72,3.16,0.06,chop,0.88,normal,1.31,2400,dir,-504.48,25.96,26.1,26.1376,-0.22,5.43,0.41,TREND,-0.10,stressed,0.23,1500,mm,-3453.53
58.335,27,266.9,-83167.60,-3595.32,15388,15388,159.27,159.28,159.2457,10.94,1.32,1.00,TREND,1.39,stressed,2.51,11488,dir,362.69,101.61,101.63,101.6127,7.63,3.16,0.06,chop,0.88,normal,1.31,2400,dir,-504.48,25.97,26.03,26.1299,-1.48,5.43,0.17,chop,-0.82,stressed,0.23,1500,mm,-3453.53
58.349,27,266.9,-83167.60,-3595.32,15388,15388,159.27,159.28,159.2459,10.92,1.32,1.00,TREND,1.39,stressed,2.51,11488,dir,362.69,101.61,101.63,101.6128,7.62,3.16,0.06,chop,0.88,normal,1.31,2400,dir,-504.48,25.97,26.03,26.1290,-1.62,5.43,0.17,chop,-0.82,stressed,0.23,1500,mm,-3453.53
58.385,27,266.9,-83167.60,-3595.32,15388,15388,159.27,159.28,159.2464,10.87,1.34,1.00,TREND,1.39,stressed,2.51,11488,dir,362.69,101.61,101.63,101.6129,7.59,2.88,0.06,chop,0.88,normal,1.31,2400,dir,-504.48,25.97,26.03,26.1268,-1.96,5.87,0.17,chop,-0.82,stressed,0.23,1500,mm,-3453.53
58.422,27,272.3,-83167.60,-3595.32,15388,15388,159.27,159.28,159.2469,10.83,1.34,1.00,TREND,1.39,stressed,2.51,11488,dir,362.69,101.61,101.63,101.6130,7.56,2.88,0.06,chop,0.88,normal,1.31,2400,dir,-504.48,25.97,26.03,26.1246,-2.29,5.87,0.17,chop,-0.82,stressed,0.23,1500,mm,-3453.53
58.521,27,272.3,-83167.60,-3595.32,15388,15388,159.27,159.28,159.2482,10.70,1.34,1.00,TREND,1.34,stressed,2.51,11488,dir,362.69,101.61,101.63,101.6134,7.48,2.88,0.12,chop,0.90,normal,1.31,2400,dir,-504.48,25.97,26.03,26.1189,-3.10,5.87,0.17,chop,-0.82,stressed,0.23,1500,mm,-3453.53
58.540,27,272.3,-83167.60,-3595.32,15388,15388,159.27,159.28,159.2484,10.68,1.34,1.00,TREND,1.34,stressed,2.51,11488,dir,362.69,101.62,101.63,101.6135,7.47,2.88,0.12,chop,0.90,normal,1.31,2400,dir,-504.48,25.99,26.03,26.1180,-3.22,5.87,0.17,chop,-0.82,stressed,0.23,1500,mm,-3453.53
58.595,27,272.3,-83167.60,-3595.32,15388,15388,159.27,159.28,159.2491,10.61,1.34,1.00,TREND,1.34,stressed,2.51,11488,dir,362.69,101.62,101.63,101.6138,7.44,2.88,0.12,chop,0.90,normal,1.31,2400,dir,-504.48,25.99,26.03,26.1152,-3.58,5.87,0.19,chop,-0.74,stressed,0.23,1500,mm,-3453.53
58.609,27,272.3,-83167.60,-3595.32,15388,15388,159.27,159.28,159.2493,10.59,1.34,1.00,TREND,1.34,stressed,2.51,11488,dir,362.69,101.62,101.63,101.6138,7.44,2.88,0.12,chop,0.90,normal,1.31,2400,cut,-504.48,25.99,26.03,26.1145,-3.67,5.87,0.19,chop,-0.74,stressed,0.23,1500,mm,-3453.53
58.886,27,272.3,-83167.60,-3595.32,15388,15388,159.27,159.28,159.2524,10.22,1.34,1.00,TREND,1.27,stressed,2.51,11488,dir,362.69,101.6,101.63,101.6140,7.08,2.88,0.43,mixed,0.83,normal,1.31,2400,cut,-504.48,26.01,26.03,26.1029,-4.91,5.87,0.20,chop,-0.69,stressed,0.23,1500,mm,-3573.53
59.293,28,270.0,-83287.60,-3715.32,12988,12988,159.27,159.28,159.2564,9.64,1.34,1.00,TREND,1.20,stressed,2.65,11488,dir,362.69,101.6,101.62,101.6133,6.45,2.80,0.47,mixed,0.76,normal,1.40,0,mm,-501.12,26.0,26.02,26.0866,-6.29,5.48,0.18,chop,-0.76,stressed,0.06,1500,mm,-3588.53
60.046,29,266.7,-83735.63,-4163.35,15488,15488,159.24,159.26,159.2545,7.56,1.56,0.44,mixed,1.00,stressed,2.70,13988,dir,-88.70,101.6,101.61,101.6108,5.30,2.67,0.50,mixed,0.66,normal,1.59,0,mm,-501.12,26.01,26.02,26.0651,-7.05,5.07,0.78,TREND,-0.76,stressed,0.06,1500,mm,-3573.53
60.648,29,266.7,-83735.63,-4163.35,15988,15988,159.23,159.24,159.2496,5.91,1.63,0.24,chop,0.87,stressed,2.70,13988,dir,-88.70,101.6,101.61,101.6093,4.62,2.49,0.50,mixed,0.65,normal,1.59,1200,mm,-511.44,26.01,26.05,26.0564,-6.44,4.78,0.70,TREND,-0.66,stressed,0.06,800,mm,-3558.76
60.939,30,264.9,-83855.06,-4282.78,15988,15988,159.23,159.24,159.2477,5.33,1.63,0.24,chop,0.83,stressed,2.70,13988,dir,-228.58,101.6,101.61,101.6088,4.34,2.49,0.50,mixed,0.63,normal,1.31,1200,mm,-511.44,26.03,26.05,26.0542,-5.95,4.78,0.65,TREND,-0.60,stressed,0.09,800,mm,-3542.76
60.955,30,264.9,-83855.06,-4282.78,15988,15988,159.23,159.24,159.2476,5.31,1.63,0.24,chop,0.83,stressed,2.70,13988,dir,-228.58,101.6,101.61,101.6088,4.33,2.49,0.50,mixed,0.63,normal,1.31,1200,mm,-511.44,26.04,26.05,26.0542,-5.92,4.78,0.65,TREND,-0.60,stressed,0.09,800,mm,-3542.76
61.138,30,264.9,-83855.06,-4282.78,15988,15988,159.23,159.24,159.2466,5.00,1.63,0.24,chop,0.83,stressed,2.70,13988,dir,-228.58,101.6,101.61,101.6084,4.17,2.49,0.50,mixed,0.63,normal,1.31,1200,mm,-511.44,26.05,26.08,26.0551,-5.31,4.78,0.65,TREND,-0.60,stressed,0.09,800,mm,-3542.76
61.184,30,264.9,-83855.06,-4282.78,15988,15988,159.23,159.24,159.2463,4.93,1.53,0.24,chop,0.83,stressed,2.70,13988,dir,-228.58,101.6,101.61,101.6084,4.13,2.32,0.50,mixed,0.63,normal,1.31,1200,mm,-511.44,26.05,26.08,26.0553,-5.17,4.67,0.65,TREND,-0.60,stressed,0.09,800,mm,-3542.76
61.199,30,267.3,-83855.06,-4282.78,15988,15988,159.23,159.24,159.2462,4.90,1.53,0.24,chop,0.81,stressed,2.70,13988,dir,-228.58,101.6,101.61,101.6083,4.12,2.32,0.50,mixed,0.62,normal,1.31,1200,mm,-511.44,26.05,26.08,26.0554,-5.12,4.67,0.54,TREND,-0.43,stressed,0.09,800,mm,-3542.76
61.432,30,267.3,-83855.06,-4282.78,15988,15988,159.22,159.24,159.2445,4.49,1.53,0.24,chop,0.81,stressed,2.70,13988,dir,-228.58,101.6,101.61,101.6080,3.93,2.32,0.50,mixed,0.62,normal,1.31,1200,mm,-511.44,26.1,26.12,26.0611,-3.76,4.67,0.54,TREND,-0.43,stressed,0.09,800,mm,-3542.76
61.556,30,267.3,-83855.06,-4282.78,15988,15988,159.22,159.24,159.2437,4.30,1.53,0.00,chop,0.74,stressed,2.70,13988,dir,-228.58,101.6,101.61,101.6078,3.84,2.32,0.33,mixed,0.58,normal,1.31,1200,mm,-511.44,26.1,26.12,26.0638,-3.17,4.67,0.17,chop,-0.14,stressed,0.09,800,mm,-3542.76
62.130,31,265.8,-83882.94,-4310.66,15988,15988,159.22,159.23,159.2393,3.40,1.53,0.25,mixed,0.70,stressed,2.66,13988,dir,-368.46,101.6,101.61,101.6072,3.43,2.15,0.33,mixed,0.57,normal,1.45,1200,mm,-511.44,26.17,26.2,26.0928,1.35,5.30,0.06,chop,0.37,stressed,0.26,800,mm,-3430.76
62.299,31,265.8,-83882.94,-4310.66,15988,15988,159.22,159.23,159.2382,3.20,1.53,0.25,mixed,0.70,stressed,2.66,13988,dir,-368.46,101.6,101.61,101.6070,3.32,2.15,0.33,mixed,0.57,normal,1.45,1200,mm,-511.44,26.19,26.27,26.1034,2.76,5.30,0.06,chop,0.37,stressed,0.26,800,mm,-3430.76
62.611,31,270.1,-83882.94,-4310.66,15988,15988,159.19,159.22,159.2336,2.45,1.53,0.40,mixed,0.55,stressed,2.66,13988,cut,-368.46,101.6,101.61,101.6067,3.14,2.15,0.33,mixed,0.53,normal,1.45,1200,mm,-511.44,26.29,26.33,26.1316,6.40,5.30,0.29,mixed,1.16,stressed,0.26,800,mm,-3430.76
64.630,32,277.9,-84050.70,-4478.42,15988,15988,159.2,159.25,159.2284,1.76,1.42,0.56,mixed,0.57,stressed,2.66,13988,cut,-648.22,101.6,101.61,101.6057,2.19,2.00,0.20,chop,0.42,normal,1.05,1200,mm,-511.44,26.36,26.38,26.2763,15.33,6.35,0.45,mixed,1.43,stressed,0.51,800,mm,-3318.76
68.001,36,267.9,-83953.72,-4381.44,11088,11088,159.22,159.24,159.2297,1.23,1.28,0.56,mixed,0.44,normal,2.70,8988,cut,-392.08,101.59,101.61,101.6012,0.95,1.90,0.20,chop,0.26,normal,1.03,900,mm,-515.04,26.19,26.22,26.2197,1.22,7.45,0.45,mixed,0.55,stressed,0.24,1200,mm,-3474.32
71.104,39,265.2,-84793.54,-5221.26,6088,6088,159.06,159.1,159.1151,-7.31,2.55,0.56,mixed,-2.35,normal,1.12,3988,cut,-1069.90,101.57,101.58,101.5811,-0.80,1.98,0.20,chop,-1.20,calm,1.14,900,mm,-533.04,26.07,26.11,26.1204,-5.70,7.81,0.45,mixed,0.03,stressed,-0.05,1200,mm,-3618.32
72.649,41,260.0,-84718.51,-5146.23,6688,6688,159.03,159.04,159.0737,-8.40,2.60,0.56,mixed,-3.39,normal,0.86,3988,cut,-1269.30,101.57,101.58,101.5780,-0.67,1.81,0.20,chop,-2.35,calm,1.24,1800,mm,-540.78,26.26,26.28,26.1977,5.23,8.69,0.45,mixed,1.37,stressed,0.05,900,mm,-3336.15
73.413,42,257.5,-84782.65,-5210.37,2900,2900,159.02,159.03,159.0590,-8.19,2.38,0.56,mixed,-2.96,normal,0.82,0,mm,-1319.95,101.56,101.57,101.5740,-1.00,1.73,0.20,chop,-2.53,calm,1.53,2700,mm,-569.58,26.27,26.3,26.2241,6.70,7.82,0.45,mixed,1.43,stressed,-0.07,200,mm,-3320.84
73.659,42,257.5,-84782.65,-5210.37,2900,2900,159.02,159.04,159.0558,-7.93,2.38,0.56,mixed,-2.96,normal,0.82,0,mm,-1319.95,101.56,101.57,101.5731,-1.04,1.73,0.20,chop,-2.53,calm,1.53,2700,mm,-569.58,26.28,26.29,26.2308,6.84,7.82,0.45,mixed,1.43,stressed,-0.07,200,mm,-3318.84
73.955,43,253.7,-84780.65,-5208.37,2900,2900,159.04,159.05,159.0544,-7.29,2.44,0.56,mixed,-2.33,normal,0.84,0,mm,-1319.95,101.56,101.57,101.5720,-1.06,1.57,0.20,chop,-2.24,calm,1.36,2700,mm,-569.58,26.28,26.29,26.2379,6.88,7.17,0.45,mixed,1.36,stressed,-0.10,200,mm,-3318.84
74.645,43,253.7,-84780.65,-5208.37,4100,1700,159.05,159.06,159.0546,-5.75,2.38,0.56,mixed,-1.98,normal,0.84,-1200,mm,-1329.19,101.56,101.57,101.5700,-1.05,1.42,0.20,chop,-2.07,calm,1.36,2700,mm,-569.58,26.29,26.3,26.2538,7.01,6.48,0.45,mixed,1.41,stressed,-0.10,200,mm,-3318.84
75.984,44,259.0,-84797.09,-5224.81,2500,100,159.19,159.25,159.1317,4.66,3.71,0.56,mixed,0.11,normal,0.93,-1200,mm,-1569.19,101.56,101.57,101.5677,-0.90,1.28,0.20,chop,-1.94,calm,1.14,1100,mm,-556.78,26.4,26.42,26.3266,12.25,6.75,0.45,mixed,2.27,stressed,0.07,200,mm,-3314.84
78.504,46,259.7,-85077.09,-5504.81,1300,1300,159.34,159.35,159.2791,12.61,4.38,0.56,mixed,1.53,normal,1.17,0,mm,-1692.43,101.56,101.57,101.5658,-0.60,1.16,0.20,chop,-1.61,calm,0.82,1100,mm,-556.78,26.46,26.49,26.4292,13.43,6.46,0.45,mixed,2.18,stressed,0.17,200,mm,-3282.84
81.724,49,257.5,-85122.71,-5550.43,2500,1300,159.37,159.38,159.3536,9.51,4.03,0.56,mixed,1.53,normal,1.02,0,mm,-1692.43,101.54,101.55,101.5497,-1.40,1.22,0.20,chop,-1.61,calm,0.35,1900,mm,-577.38,26.56,26.57,26.5346,12.84,6.38,0.45,mixed,2.18,stressed,0.35,-600,mm,-3299.52
96.167,49,257.5,-85122.71,-5550.43,2500,1300,159.37,159.38,159.3750,0.78,3.82,0.56,mixed,1.53,normal,1.02,0,mm,-1692.43,101.54,101.55,101.5450,-0.12,1.12,0.20,chop,-1.61,calm,0.35,1900,mm,-577.38,26.56,26.57,26.5650,1.06,6.04,0.45,mixed,2.18,stressed,0.35,-600,mm,-3299.52
115.838,49,257.5,-85122.71,-5550.43,2500,1300,159.37,159.38,159.3750,0.03,3.61,0.56,mixed,1.53,normal,1.02,0,mm,-1692.43,101.54,101.55,101.5450,-0.00,1.02,0.20,chop,-1.61,calm,0.35,1900,mm,-577.38,26.56,26.57,26.5650,0.03,5.71,0.45,mixed,2.18,stressed,0.35,-600,mm,-3299.52
135.549,49,257.5,-85122.71,-5550.43,2500,1300,159.37,159.38,159.3750,0.00,3.41,0.56,mixed,1.53,normal,1.02,0,mm,-1692.43,101.54,101.55,101.5450,-0.00,0.93,0.20,chop,-1.61,calm,0.35,1900,mm,-577.38,26.56,26.57,26.5650,0.00,5.38,0.45,mixed,2.18,stressed,0.35,-600,mm,-3299.52
155.288,49,257.5,-85122.71,-5550.43,2500,1300,159.37,159.38,159.3750,0.00,3.21,0.56,mixed,1.53,normal,1.02,0,mm,-1692.43,101.54,101.55,101.5450,-0.00,0.84,0.20,chop,-1.61,calm,0.35,1900,mm,-577.38,26.56,26.57,26.5650,0.00,5.06,0.45,mixed,2.18,stressed,0.35,-600,mm,-3299.52
175.013,49,257.5,-85122.71,-5550.43,2500,1300,159.37,159.38,159.3750,0.00,3.01,0.56,mixed,1.53,normal,1.02,0,mm,-1692.43,101.54,101.55,101.5450,-0.00,0.77,0.20,chop,-1.61,calm,0.35,1900,mm,-577.38,26.56,26.57,26.5650,0.00,4.75,0.45,mixed,2.18,stressed,0.35,-600,mm,-3299.52
194.784,49,257.5,-85122.71,-5550.43,2500,1300,159.37,159.38,159.3750,0.00,2.83,0.56,mixed,1.53,normal,1.02,0,mm,-1692.43,101.54,101.55,101.5450,-0.00,0.70,0.20,chop,-1.61,calm,0.35,1900,mm,-577.38,26.56,26.57,26.5650,0.00,4.45,0.45,mixed,2.18,stressed,0.35,-600,mm,-3299.52
214.576,49,257.5,-85122.71,-5550.43,2500,1300,159.37,159.38,159.3750,0.00,2.65,0.56,mixed,1.53,normal,1.02,0,mm,-1692.43,101.54,101.55,101.5450,-0.00,0.64,0.20,chop,-1.61,calm,0.35,1900,mm,-577.38,26.56,26.57,26.5650,0.00,4.17,0.45,mixed,2.18,stressed,0.35,-600,mm,-3299.52
239.124,49,257.5,-85122.71,-5550.43,2500,1300,159.37,159.38,159.3750,0.00,2.47,0.56,mixed,1.53,normal,1.02,0,mm,-1692.43,101.54,101.55,101.5450,-0.00,0.58,0.20,chop,-1.61,calm,0.35,1900,mm,-577.38,26.56,26.57,26.5650,0.00,3.90,0.45,mixed,2.18,stressed,0.35,-600,mm,-3299.52
266.940,49,257.5,-85122.71,-5550.43,2500,1300,159.37,159.38,159.3750,0.00,2.31,0.56,mixed,1.53,normal,1.02,0,mm,-1692.43,101.54,101.55,101.5450,0.00,0.53,0.20,chop,-1.61,calm,0.35,1900,mm,-577.38,26.56,26.57,26.5650,0.00,3.64,0.45,mixed,2.18,stressed,0.35,-600,mm,-3299.52
294.589,49,257.5,-85122.71,-5550.43,2500,1300,159.37,159.38,159.3750,0.00,2.15,0.56,mixed,1.53,normal,1.02,0,mm,-1692.43,101.54,101.55,101.5450,0.00,0.48,0.20,chop,-1.61,calm,0.35,1900,mm,-577.38,26.56,26.57,26.5650,0.00,3.39,0.45,mixed,2.18,stressed,0.35,-600,mm,-3299.52
322.518,49,257.5,-85122.71,-5550.43,2500,1300,159.37,159.38,159.3750,0.00,2.01,0.56,mixed,1.53,normal,1.02,0,mm,-1692.43,101.54,101.55,101.5450,0.00,0.44,0.20,chop,-1.61,calm,0.35,1900,mm,-577.38,26.56,26.57,26.5650,0.00,3.15,0.45,mixed,2.18,stressed,0.35,-600,mm,-3299.52
349.385,49,257.5,-85122.71,-5550.43,2500,1300,159.37,159.38,159.3750,0.00,1.87,0.56,mixed,1.53,normal,1.02,0,mm,-1692.43,101.54,101.55,101.5450,0.00,0.40,0.20,chop,-1.61,calm,0.35,1900,mm,-577.38,26.56,26.57,26.5650,0.00,2.93,0.45,mixed,2.18,stressed,0.35,-600,mm,-3299.52
375.156,49,257.5,-85122.71,-5550.43,2500,1300,159.37,159.38,159.3750,0.00,1.73,0.56,mixed,1.53,normal,1.02,0,mm,-1692.43,101.54,101.55,101.5450,0.00,0.36,0.20,chop,-1.61,calm,0.35,1900,mm,-577.38,26.56,26.57,26.5650,0.00,2.72,0.45,mixed,2.18,stressed,0.35,-600,mm,-3299.52
400.937,49,257.5,-85122.71,-5550.43,2500,1300,159.37,159.38,159.3750,0.00,1.61,0.56,mixed,1.53,normal,1.02,0,mm,-1692.43,101.54,101.55,101.5450,0.00,0.33,0.20,chop,-1.61,calm,0.35,1900,mm,-577.38,26.56,26.57,26.5650,0.00,2.53,0.45,mixed,2.18,stressed,0.35,-600,mm,-3299.52
427.263,49,257.5,-85122.71,-5550.43,2500,1300,159.37,159.38,159.3750,0.00,1.49,0.56,mixed,1.53,normal,1.02,0,mm,-1692.43,101.54,101.55,101.5450,0.00,0.30,0.20,chop,-1.61,calm,0.35,1900,mm,-577.38,26.56,26.57,26.5650,0.00,2.34,0.45,mixed,2.18,stressed,0.35,-600,mm,-3299.52
